user_id,query,product_id,event,timestamp,group
u1,treadmill,100823,click,2026-01-17T19:46:21.177167,B
u1,storage,100890,click,2026-01-17T19:46:21.466470,B
u1,router,100748,click,2026-01-17T19:46:21.716968,B
u1,,100748,add_to_cart,2026-01-17T19:46:21.719776,B
u1,speaker,100218,click,2026-01-17T19:46:22.017318,B
u1,cameras,100461,click,2026-01-17T19:46:22.326954,B
u1,,100461,add_to_cart,2026-01-17T19:46:22.330835,B
u1,storage,100959,click,2026-01-17T19:46:22.610392,B
u1,console,100713,click,2026-01-17T19:46:22.858458,B
u1,storage,100392,click,2026-01-17T19:46:23.141068,B
u1,mouse,100405,click,2026-01-17T19:46:23.366453,B
u1,tvs,100348,click,2026-01-17T19:46:23.736072,B
u1,,100348,add_to_cart,2026-01-17T19:46:23.738570,B
u1,monitor,100132,click,2026-01-17T19:46:24.023137,B
u1,smart,100394,click,2026-01-17T19:46:24.255728,B
u1,console,100023,click,2026-01-17T19:46:24.546143,B
u1,laptops,100701,click,2026-01-17T19:46:24.913621,B
u1,gaming,100715,click,2026-01-17T19:46:25.173887,B
u1,console,100899,click,2026-01-17T19:46:25.405220,B
u1,keyboard,100903,click,2026-01-17T19:46:25.689610,B
u1,tablets,100543,click,2026-01-17T19:46:25.960766,B
u1,,100543,add_to_cart,2026-01-17T19:46:25.963898,B
u1,keyboard,100613,click,2026-01-17T19:46:26.243175,B
u1,monitor,100120,click,2026-01-17T19:46:26.480509,B
u1,,100120,add_to_cart,2026-01-17T19:46:26.483811,B
u1,camera,100851,click,2026-01-17T19:46:26.742873,B
u1,router,100844,click,2026-01-17T19:46:27.030930,B
u1,ultra,100361,click,2026-01-17T19:46:27.240911,B
u1,tablets,100611,click,2026-01-17T19:46:27.529496,B
u1,prime,100897,click,2026-01-17T19:46:27.774213,B
u1,console,100321,click,2026-01-17T19:46:28.020423,B
u1,,100321,add_to_cart,2026-01-17T19:46:28.023006,B
u1,storage,100619,click,2026-01-17T19:46:28.284966,B
u1,fitness,100095,click,2026-01-17T19:46:28.572954,B
u1,elite,100449,click,2026-01-17T19:46:28.930058,B
u1,tablet,100983,click,2026-01-17T19:46:29.201685,B
u1,,100983,add_to_cart,2026-01-17T19:46:29.204218,B
u1,networking,100597,click,2026-01-17T19:46:29.511301,B
u1,prime,100460,click,2026-01-17T19:46:29.760094,B
u1,,100460,add_to_cart,2026-01-17T19:46:29.762601,B
u1,elite,100668,click,2026-01-17T19:46:30.058620,B
u1,treadmill,100577,click,2026-01-17T19:46:30.374628,B
u1,,100577,add_to_cart,2026-01-17T19:46:30.378510,B
u1,mouse,100878,click,2026-01-17T19:46:30.646943,B
u1,cameras,100281,click,2026-01-17T19:46:30.965337,B
u1,,100281,add_to_cart,2026-01-17T19:46:30.969694,B
u1,console,100050,click,2026-01-17T19:46:31.215012,B
u1,smart,100412,click,2026-01-17T19:46:31.461025,B
u1,,100412,add_to_cart,2026-01-17T19:46:31.463580,B
u1,plus,100599,click,2026-01-17T19:46:31.680592,B
u1,laptops,100318,click,2026-01-17T19:46:31.979352,B
u2,laptop,100038,click,2026-01-17T19:46:32.538058,B
u2,,100038,add_to_cart,2026-01-17T19:46:32.540660,B
u2,headphones,100278,click,2026-01-17T19:46:32.819107,B
u2,,100278,add_to_cart,2026-01-17T19:46:32.822115,B
u2,console,100966,click,2026-01-17T19:46:33.083395,B
u2,smart,100608,click,2026-01-17T19:46:33.291977,B
u2,console,100656,click,2026-01-17T19:46:33.568812,B
u2,storage,100269,click,2026-01-17T19:46:34.014661,B
u2,watch,100655,click,2026-01-17T19:46:34.282550,B
u2,phone,100792,click,2026-01-17T19:46:34.506599,B
u2,,100792,add_to_cart,2026-01-17T19:46:34.509139,B
u2,fitness,100185,click,2026-01-17T19:46:34.800998,B
u2,,100185,add_to_cart,2026-01-17T19:46:34.803607,B
u2,plus,100063,click,2026-01-17T19:46:35.003230,B
u2,treadmill,100332,click,2026-01-17T19:46:35.294196,B
u2,,100332,add_to_cart,2026-01-17T19:46:35.296891,B
u2,plus,100118,click,2026-01-17T19:46:35.537001,B
u2,smart,100539,click,2026-01-17T19:46:35.795794,B
u2,laptops,100639,click,2026-01-17T19:46:36.076644,B
u2,tablet,100670,click,2026-01-17T19:46:36.339186,B
u2,,100670,add_to_cart,2026-01-17T19:46:36.342630,B
u2,smart home,100806,click,2026-01-17T19:46:36.677337,B
u2,,100806,add_to_cart,2026-01-17T19:46:36.693805,B
u2,speaker,100784,click,2026-01-17T19:46:36.964341,B
u2,,100784,add_to_cart,2026-01-17T19:46:36.966996,B
u2,speaker,100760,click,2026-01-17T19:46:37.261956,B
u2,,100760,add_to_cart,2026-01-17T19:46:37.267734,B
u2,prime,100657,click,2026-01-17T19:46:37.577714,B
u2,router,100673,click,2026-01-17T19:46:37.807660,B
u2,phone,100840,click,2026-01-17T19:46:38.058134,B
u2,keyboard,100543,click,2026-01-17T19:46:38.316718,B
u2,gaming,100110,click,2026-01-17T19:46:38.590529,B
u2,,100110,add_to_cart,2026-01-17T19:46:38.594058,B
u2,router,100207,click,2026-01-17T19:46:38.825122,B
u2,tablets,100163,click,2026-01-17T19:46:39.127279,B
u2,watch,100807,click,2026-01-17T19:46:39.420688,B
u2,,100807,add_to_cart,2026-01-17T19:46:39.423371,B
u2,laptop,100186,click,2026-01-17T19:46:39.679224,B
u2,treadmill,100051,click,2026-01-17T19:46:39.954288,B
u2,watch,100809,click,2026-01-17T19:46:40.235134,B
u2,monitor,100862,click,2026-01-17T19:46:40.502549,B
u2,smart home,100201,click,2026-01-17T19:46:40.828227,B
u2,laptops,100454,click,2026-01-17T19:46:41.139411,B
u2,phone,100163,click,2026-01-17T19:46:41.377202,B
u2,router,100281,click,2026-01-17T19:46:41.689582,B
u2,,100281,add_to_cart,2026-01-17T19:46:41.692165,B
u2,keyboard,100049,click,2026-01-17T19:46:42.000181,B
u2,,100049,add_to_cart,2026-01-17T19:46:42.005347,B
u2,tablet,100588,click,2026-01-17T19:46:42.244519,B
u2,mouse,100379,click,2026-01-17T19:46:42.492943,B
u2,,100379,add_to_cart,2026-01-17T19:46:42.496806,B
u2,watch,100946,click,2026-01-17T19:46:42.754949,B
u2,,100946,add_to_cart,2026-01-17T19:46:42.757538,B
u2,tablets,100061,click,2026-01-17T19:46:43.014196,B
u2,cameras,100470,click,2026-01-17T19:46:43.282695,B
u2,,100470,add_to_cart,2026-01-17T19:46:43.285123,B
u3,tablet,100659,click,2026-01-17T19:46:43.837794,B
u3,audio,100458,click,2026-01-17T19:46:44.336961,B
u3,,100458,add_to_cart,2026-01-17T19:46:44.339417,B
u3,keyboard,100643,click,2026-01-17T19:46:44.585901,B
u3,speaker,100277,click,2026-01-17T19:46:44.864521,B
u3,console,100982,click,2026-01-17T19:46:45.089979,B
u3,smart home,100335,click,2026-01-17T19:46:45.444474,B
u3,smart,100153,click,2026-01-17T19:46:45.728682,B
u3,monitor,100600,click,2026-01-17T19:46:45.976895,B
u3,accessories,100333,click,2026-01-17T19:46:46.273845,B
u3,camera,100333,click,2026-01-17T19:46:46.576065,B
u3,console,100748,click,2026-01-17T19:46:46.818687,B
u3,,100748,add_to_cart,2026-01-17T19:46:46.823851,B
u3,accessories,100173,click,2026-01-17T19:46:47.186639,B
u3,smart,100576,click,2026-01-17T19:46:47.404823,B
u3,fitness,100298,click,2026-01-17T19:46:47.770535,B
u3,,100298,add_to_cart,2026-01-17T19:46:47.773075,B
u3,home appliances,100949,click,2026-01-17T19:46:48.166016,B
u3,phone,100298,click,2026-01-17T19:46:48.390487,B
u3,speaker,100357,click,2026-01-17T19:46:48.638704,B
u3,watch,100460,click,2026-01-17T19:46:48.866912,B
u3,,100460,add_to_cart,2026-01-17T19:46:48.870046,B
u3,mouse,100043,click,2026-01-17T19:46:49.142266,B
u3,,100043,add_to_cart,2026-01-17T19:46:49.145075,B
u3,tablets,100355,click,2026-01-17T19:46:49.452574,B
u3,,100355,add_to_cart,2026-01-17T19:46:49.455019,B
u3,monitor,100354,click,2026-01-17T19:46:49.720887,B
u3,laptops,100500,click,2026-01-17T19:46:50.007667,B
u3,laptops,100469,click,2026-01-17T19:46:50.272115,B
u3,mouse,100839,click,2026-01-17T19:46:50.507579,B
u3,,100839,add_to_cart,2026-01-17T19:46:50.510283,B
u3,mouse,100970,click,2026-01-17T19:46:50.767794,B
u3,,100970,add_to_cart,2026-01-17T19:46:50.770322,B
u3,storage,100486,click,2026-01-17T19:46:51.060274,B
u3,,100486,add_to_cart,2026-01-17T19:46:51.063937,B
u3,treadmill,100684,click,2026-01-17T19:46:51.363406,B
u3,,100684,add_to_cart,2026-01-17T19:46:51.367672,B
u3,keyboard,100074,click,2026-01-17T19:46:51.625139,B
u3,watch,100648,click,2026-01-17T19:46:51.902989,B
u3,,100648,add_to_cart,2026-01-17T19:46:51.905684,B
u3,elite,100693,click,2026-01-17T19:46:52.202396,B
u3,keyboard,100622,click,2026-01-17T19:46:52.496697,B
u3,accessories,100852,click,2026-01-17T19:46:52.849229,B
u3,tablets,100360,click,2026-01-17T19:46:53.117870,B
u3,,100360,add_to_cart,2026-01-17T19:46:53.120469,B
u3,storage,100831,click,2026-01-17T19:46:53.417563,B
u3,laptop,100950,click,2026-01-17T19:46:53.691380,B
u3,monitor,100681,click,2026-01-17T19:46:53.939816,B
u3,router,100826,click,2026-01-17T19:46:54.241537,B
u3,prime,100356,click,2026-01-17T19:46:54.647172,B
u3,,100356,add_to_cart,2026-01-17T19:46:54.650054,B
u3,ultra,100907,click,2026-01-17T19:46:54.871553,B
u3,,100907,add_to_cart,2026-01-17T19:46:54.873950,B
u3,speaker,100107,click,2026-01-17T19:46:55.136676,B
u3,,100107,add_to_cart,2026-01-17T19:46:55.139531,B
u4,storage,100532,click,2026-01-17T19:46:55.707033,A
u4,cameras,100833,click,2026-01-17T19:46:55.969662,A
u4,,100833,add_to_cart,2026-01-17T19:46:55.972283,A
u4,ultra,100299,click,2026-01-17T19:46:56.246643,A
u4,,100299,add_to_cart,2026-01-17T19:46:56.249409,A
u4,purifier,100285,click,2026-01-17T19:46:56.538274,A
u4,speaker,100480,click,2026-01-17T19:46:56.797941,A
u4,,100480,add_to_cart,2026-01-17T19:46:56.803719,A
u4,plus,100536,click,2026-01-17T19:46:57.066574,A
u4,office,100115,click,2026-01-17T19:46:57.349609,A
u4,monitor,100840,click,2026-01-17T19:46:57.681478,A
u4,phone,100714,click,2026-01-17T19:46:58.013553,A
u4,tvs,100409,click,2026-01-17T19:46:58.303431,A
u4,tablet,100256,click,2026-01-17T19:46:58.583890,A
u4,purifier,100786,click,2026-01-17T19:46:58.848550,A
u4,mouse,100243,click,2026-01-17T19:46:59.089935,A
u4,watch,100619,click,2026-01-17T19:46:59.370949,A
u4,monitor,100471,click,2026-01-17T19:46:59.687360,A
u4,,100471,add_to_cart,2026-01-17T19:46:59.689781,A
u4,laptop,100534,click,2026-01-17T19:46:59.950529,A
u4,laptop,100904,click,2026-01-17T19:47:00.211455,A
u4,console,100793,click,2026-01-17T19:47:00.507934,A
u4,console,100369,click,2026-01-17T19:47:00.793155,A
u4,treadmill,100073,click,2026-01-17T19:47:01.085330,A
u4,treadmill,100977,click,2026-01-17T19:47:01.367467,A
u4,monitor,100025,click,2026-01-17T19:47:01.632413,A
u4,home appliances,100984,click,2026-01-17T19:47:02.059184,A
u4,smart,100914,click,2026-01-17T19:47:02.296406,A
u4,watch,100490,click,2026-01-17T19:47:02.619003,A
u4,wearables,100112,click,2026-01-17T19:47:02.944450,A
u4,,100112,add_to_cart,2026-01-17T19:47:02.947859,A
u4,laptop,100908,click,2026-01-17T19:47:03.216389,A
u4,laptop,100291,click,2026-01-17T19:47:03.540288,A
u4,,100291,add_to_cart,2026-01-17T19:47:03.545146,A
u4,phone,100213,click,2026-01-17T19:47:03.827537,A
u4,purifier,100432,click,2026-01-17T19:47:04.142892,A
u4,camera,100975,click,2026-01-17T19:47:04.394515,A
u4,storage,100553,click,2026-01-17T19:47:04.848071,A
u4,treadmill,100997,click,2026-01-17T19:47:05.140068,A
u4,mouse,100947,click,2026-01-17T19:47:05.406949,A
u4,networking,100620,click,2026-01-17T19:47:05.709052,A
u4,,100620,add_to_cart,2026-01-17T19:47:05.714601,A
u4,plus,100099,click,2026-01-17T19:47:05.951940,A
u4,tvs,100651,click,2026-01-17T19:47:06.206857,A
u4,,100651,add_to_cart,2026-01-17T19:47:06.209368,A
u4,prime,100342,click,2026-01-17T19:47:06.495226,A
u4,router,100591,click,2026-01-17T19:47:06.817548,A
u4,,100591,add_to_cart,2026-01-17T19:47:06.820601,A
u4,router,100250,click,2026-01-17T19:47:07.084897,A
u4,,100250,add_to_cart,2026-01-17T19:47:07.087460,A
u5,laptop,100456,click,2026-01-17T19:47:07.631695,A
u5,speaker,100162,click,2026-01-17T19:47:07.954988,A
u5,,100162,add_to_cart,2026-01-17T19:47:07.958232,A
u5,headphones,100557,click,2026-01-17T19:47:08.255640,A
u5,,100557,add_to_cart,2026-01-17T19:47:08.258216,A
u5,mouse,100575,click,2026-01-17T19:47:08.506397,A
u5,,100575,add_to_cart,2026-01-17T19:47:08.508884,A
u5,elite,100843,click,2026-01-17T19:47:08.825926,A
u5,tvs,100872,click,2026-01-17T19:47:09.089509,A
u5,,100872,add_to_cart,2026-01-17T19:47:09.093062,A
u5,monitor,100516,click,2026-01-17T19:47:09.405052,A
u5,watch,100049,click,2026-01-17T19:47:09.669788,A
u5,headphones,100903,click,2026-01-17T19:47:10.037506,A
u5,monitor,100210,click,2026-01-17T19:47:10.302832,A
u5,,100210,add_to_cart,2026-01-17T19:47:10.308763,A
u5,mouse,100975,click,2026-01-17T19:47:10.553204,A
u5,,100975,add_to_cart,2026-01-17T19:47:10.557499,A
u5,headphones,100443,click,2026-01-17T19:47:10.866977,A
u5,tablet,100154,click,2026-01-17T19:47:11.132003,A
u5,elite,100536,click,2026-01-17T19:47:11.430605,A
u5,treadmill,100119,click,2026-01-17T19:47:11.703628,A
u5,ultra,100634,click,2026-01-17T19:47:11.985965,A
u5,ultra,100249,click,2026-01-17T19:47:12.248698,A
u5,wearables,100716,click,2026-01-17T19:47:12.564724,A
u5,purifier,100888,click,2026-01-17T19:47:12.866147,A
u5,router,100118,click,2026-01-17T19:47:13.175362,A
u5,,100118,add_to_cart,2026-01-17T19:47:13.177763,A
u5,plus,100999,click,2026-01-17T19:47:13.430303,A
u5,audio,100999,click,2026-01-17T19:47:13.697496,A
u5,camera,100578,click,2026-01-17T19:47:13.985211,A
u5,plus,100847,click,2026-01-17T19:47:14.237566,A
u5,cameras,100052,click,2026-01-17T19:47:14.561772,A
u5,,100052,add_to_cart,2026-01-17T19:47:14.570928,A
u5,watch,100504,click,2026-01-17T19:47:14.903131,A
u5,tablets,100904,click,2026-01-17T19:47:15.386651,A
u5,,100904,add_to_cart,2026-01-17T19:47:15.389298,A
u5,console,100183,click,2026-01-17T19:47:15.659573,A
u5,router,100673,click,2026-01-17T19:47:15.946226,A
u5,laptops,100324,click,2026-01-17T19:47:16.247349,A
u5,keyboard,100596,click,2026-01-17T19:47:16.508027,A
u5,audio,100763,click,2026-01-17T19:47:16.797002,A
u5,,100763,add_to_cart,2026-01-17T19:47:16.799581,A
u5,laptops,100794,click,2026-01-17T19:47:17.077736,A
u5,,100794,add_to_cart,2026-01-17T19:47:17.083585,A
u5,prime,100637,click,2026-01-17T19:47:17.410036,A
u5,audio,100225,click,2026-01-17T19:47:17.706355,A
u5,headphones,100344,click,2026-01-17T19:47:18.017714,A
u5,keyboard,100127,click,2026-01-17T19:47:18.283398,A
u5,laptop,100840,click,2026-01-17T19:47:18.570685,A
u5,treadmill,100818,click,2026-01-17T19:47:18.854990,A
u5,storage,100708,click,2026-01-17T19:47:19.117534,A
u5,,100708,add_to_cart,2026-01-17T19:47:19.120007,A
u6,keyboard,100626,click,2026-01-17T19:47:19.652345,B
u6,smart home,100445,click,2026-01-17T19:47:20.023145,B
u6,monitor,100281,click,2026-01-17T19:47:20.355286,B
u6,treadmill,100597,click,2026-01-17T19:47:20.640533,B
u6,purifier,100216,click,2026-01-17T19:47:20.895439,B
u6,purifier,100247,click,2026-01-17T19:47:21.160403,B
u6,purifier,100717,click,2026-01-17T19:47:21.403454,B
u6,,100717,add_to_cart,2026-01-17T19:47:21.409891,B
u6,cameras,100834,click,2026-01-17T19:47:21.687101,B
u6,smart,100719,click,2026-01-17T19:47:21.945661,B
u6,speaker,100393,click,2026-01-17T19:47:22.232840,B
u6,tablet,100235,click,2026-01-17T19:47:22.492732,B
u6,,100235,add_to_cart,2026-01-17T19:47:22.497008,B
u6,keyboard,100022,click,2026-01-17T19:47:22.772929,B
u6,keyboard,100802,click,2026-01-17T19:47:23.080717,B
u6,console,100362,click,2026-01-17T19:47:23.342848,B
u6,,100362,add_to_cart,2026-01-17T19:47:23.345351,B
u6,headphones,100105,click,2026-01-17T19:47:23.707493,B
u6,fitness,100677,click,2026-01-17T19:47:23.974456,B
u6,,100677,add_to_cart,2026-01-17T19:47:23.977655,B
u6,networking,100696,click,2026-01-17T19:47:24.322359,B
u6,console,100829,click,2026-01-17T19:47:24.545033,B
u6,router,100933,click,2026-01-17T19:47:24.787835,B
u6,,100933,add_to_cart,2026-01-17T19:47:24.792688,B
u6,speaker,100173,click,2026-01-17T19:47:25.060840,B
u6,tablets,100967,click,2026-01-17T19:47:25.443559,B
u6,speaker,100838,click,2026-01-17T19:47:25.808282,B
u6,watch,100094,click,2026-01-17T19:47:26.067923,B
u6,cameras,100295,click,2026-01-17T19:47:26.325700,B
u6,wearables,100514,click,2026-01-17T19:47:26.599232,B
u6,phone,100310,click,2026-01-17T19:47:26.852880,B
u6,tvs,100148,click,2026-01-17T19:47:27.091795,B
u6,tablet,100152,click,2026-01-17T19:47:27.337281,B
u6,storage,100672,click,2026-01-17T19:47:27.606637,B
u6,mouse,100047,click,2026-01-17T19:47:27.933960,B
u6,,100047,add_to_cart,2026-01-17T19:47:27.940751,B
u6,cameras,100591,click,2026-01-17T19:47:28.219722,B
u6,,100591,add_to_cart,2026-01-17T19:47:28.222150,B
u6,networking,100899,click,2026-01-17T19:47:28.528924,B
u6,console,100185,click,2026-01-17T19:47:28.747759,B
u6,headphones,100868,click,2026-01-17T19:47:29.021746,B
u6,,100868,add_to_cart,2026-01-17T19:47:29.029860,B
u6,plus,100490,click,2026-01-17T19:47:29.263219,B
u6,,100490,add_to_cart,2026-01-17T19:47:29.266129,B
u6,console,100836,click,2026-01-17T19:47:29.494564,B
u6,cameras,100393,click,2026-01-17T19:47:29.772797,B
u6,watch,100581,click,2026-01-17T19:47:30.053422,B
u6,headphones,100018,click,2026-01-17T19:47:30.406598,B
u6,,100018,add_to_cart,2026-01-17T19:47:30.409760,B
u6,laptop,100106,click,2026-01-17T19:47:30.660541,B
u6,,100106,add_to_cart,2026-01-17T19:47:30.663068,B
u7,phone,100963,click,2026-01-17T19:47:31.246560,A
u7,,100963,add_to_cart,2026-01-17T19:47:31.252396,A
u7,smart,100613,click,2026-01-17T19:47:31.534402,A
u7,laptops,100454,click,2026-01-17T19:47:31.848653,A
u7,ultra,100771,click,2026-01-17T19:47:32.133269,A
u7,tablets,100288,click,2026-01-17T19:47:32.408146,A
u7,mouse,100329,click,2026-01-17T19:47:32.661616,A
u7,,100329,add_to_cart,2026-01-17T19:47:32.664234,A
u7,smart,100441,click,2026-01-17T19:47:32.914750,A
u7,,100441,add_to_cart,2026-01-17T19:47:32.917534,A
u7,router,100392,click,2026-01-17T19:47:33.212295,A
u7,,100392,add_to_cart,2026-01-17T19:47:33.215619,A
u7,tvs,100625,click,2026-01-17T19:47:33.454460,A
u7,networking,100628,click,2026-01-17T19:47:33.773353,A
u7,audio,100108,click,2026-01-17T19:47:34.053785,A
u7,keyboard,100162,click,2026-01-17T19:47:34.376605,A
u7,ultra,100500,click,2026-01-17T19:47:34.644644,A
u7,phone,100969,click,2026-01-17T19:47:34.898585,A
u7,,100969,add_to_cart,2026-01-17T19:47:34.900971,A
u7,router,100682,click,2026-01-17T19:47:35.158956,A
u7,audio,100562,click,2026-01-17T19:47:35.460727,A
u7,plus,100596,click,2026-01-17T19:47:35.802421,A
u7,,100596,add_to_cart,2026-01-17T19:47:35.806347,A
u7,console,100212,click,2026-01-17T19:47:36.066793,A
u7,smart home,100961,click,2026-01-17T19:47:36.449873,A
u7,,100961,add_to_cart,2026-01-17T19:47:36.452817,A
u7,fitness,100778,click,2026-01-17T19:47:36.774478,A
u7,headphones,100898,click,2026-01-17T19:47:37.132043,A
u7,audio,100886,click,2026-01-17T19:47:37.416818,A
u7,,100886,add_to_cart,2026-01-17T19:47:37.419336,A
u7,phone,100691,click,2026-01-17T19:47:37.701314,A
u7,headphones,100068,click,2026-01-17T19:47:38.043125,A
u7,storage,100567,click,2026-01-17T19:47:38.341219,A
u7,,100567,add_to_cart,2026-01-17T19:47:38.343804,A
u7,router,100796,click,2026-01-17T19:47:38.593228,A
u7,headphones,100976,click,2026-01-17T19:47:38.881978,A
u7,keyboard,100523,click,2026-01-17T19:47:39.169744,A
u7,speaker,100656,click,2026-01-17T19:47:39.448334,A
u7,phone,100520,click,2026-01-17T19:47:39.697485,A
u7,,100520,add_to_cart,2026-01-17T19:47:39.700916,A
u7,purifier,100087,click,2026-01-17T19:47:39.985964,A
u7,accessories,100893,click,2026-01-17T19:47:40.285717,A
u7,storage,100106,click,2026-01-17T19:47:40.648856,A
u7,,100106,add_to_cart,2026-01-17T19:47:40.651290,A
u7,speaker,100678,click,2026-01-17T19:47:40.944629,A
u7,,100678,add_to_cart,2026-01-17T19:47:40.947196,A
u7,router,100186,click,2026-01-17T19:47:41.223452,A
u7,cameras,100858,click,2026-01-17T19:47:41.521018,A
u7,prime,100002,click,2026-01-17T19:47:41.792846,A
u7,tablets,100740,click,2026-01-17T19:47:42.138127,A
u7,watch,100957,click,2026-01-17T19:47:42.414392,A
u7,purifier,100992,click,2026-01-17T19:47:42.782042,A
u7,,100992,add_to_cart,2026-01-17T19:47:42.784991,A
u8,camera,100227,click,2026-01-17T19:47:43.337812,B
u8,,100227,add_to_cart,2026-01-17T19:47:43.340397,B
u8,tablet,100259,click,2026-01-17T19:47:43.578360,B
u8,,100259,add_to_cart,2026-01-17T19:47:43.582178,B
u8,storage,100635,click,2026-01-17T19:47:43.885626,B
u8,,100635,add_to_cart,2026-01-17T19:47:43.889747,B
u8,audio,100093,click,2026-01-17T19:47:44.145267,B
u8,,100093,add_to_cart,2026-01-17T19:47:44.147900,B
u8,headphones,100728,click,2026-01-17T19:47:44.485472,B
u8,prime,100722,click,2026-01-17T19:47:44.792100,B
u8,purifier,100402,click,2026-01-17T19:47:45.032346,B
u8,,100402,add_to_cart,2026-01-17T19:47:45.036589,B
u8,mobiles,100042,click,2026-01-17T19:47:45.290549,B
u8,audio,100463,click,2026-01-17T19:47:45.568143,B
u8,,100463,add_to_cart,2026-01-17T19:47:45.570618,B
u8,mouse,100604,click,2026-01-17T19:47:45.833620,B
u8,headphones,100491,click,2026-01-17T19:47:46.211370,B
u8,prime,100304,click,2026-01-17T19:47:46.449467,B
u8,networking,100334,click,2026-01-17T19:47:46.749409,B
u8,home appliances,100593,click,2026-01-17T19:47:47.213309,B
u8,prime,100885,click,2026-01-17T19:47:47.448703,B
u8,smart home,100634,click,2026-01-17T19:47:47.817727,B
u8,,100634,add_to_cart,2026-01-17T19:47:47.820159,B
u8,console,100749,click,2026-01-17T19:47:48.083386,B
u8,storage,100323,click,2026-01-17T19:47:48.370597,B
u8,laptop,100968,click,2026-01-17T19:47:48.595502,B
u8,,100968,add_to_cart,2026-01-17T19:47:48.598948,B
u8,headphones,100199,click,2026-01-17T19:47:48.933669,B
u8,mobiles,100742,click,2026-01-17T19:47:49.208772,B
u8,wearables,100547,click,2026-01-17T19:47:49.502552,B
u8,laptop,100501,click,2026-01-17T19:47:49.751479,B
u8,wearables,100418,click,2026-01-17T19:47:50.040548,B
u8,,100418,add_to_cart,2026-01-17T19:47:50.043032,B
u8,keyboard,100561,click,2026-01-17T19:47:50.333934,B
u8,monitor,100526,click,2026-01-17T19:47:50.610446,B
u8,laptop,100636,click,2026-01-17T19:47:50.896756,B
u8,accessories,100600,click,2026-01-17T19:47:51.217970,B
u8,,100600,add_to_cart,2026-01-17T19:47:51.220544,B
u8,keyboard,100193,click,2026-01-17T19:47:51.490962,B
u8,,100193,add_to_cart,2026-01-17T19:47:51.493680,B
u8,speaker,100528,click,2026-01-17T19:47:51.783713,B
u8,,100528,add_to_cart,2026-01-17T19:47:51.789917,B
u8,audio,100260,click,2026-01-17T19:47:52.096314,B
u8,keyboard,100954,click,2026-01-17T19:47:52.356426,B
u8,,100954,add_to_cart,2026-01-17T19:47:52.359453,B
u8,ultra,100098,click,2026-01-17T19:47:52.608775,B
u8,watch,100212,click,2026-01-17T19:47:52.882920,B
u8,headphones,100075,click,2026-01-17T19:47:53.279412,B
u8,,100075,add_to_cart,2026-01-17T19:47:53.282489,B
u8,smart,100228,click,2026-01-17T19:47:53.499455,B
u8,tablet,100344,click,2026-01-17T19:47:53.802524,B
u8,prime,100010,click,2026-01-17T19:47:54.056383,B
u8,cameras,100767,click,2026-01-17T19:47:54.326831,B
u8,,100767,add_to_cart,2026-01-17T19:47:54.329218,B
u8,tablet,100708,click,2026-01-17T19:47:54.583288,B
u9,smart,100380,click,2026-01-17T19:47:55.103156,A
u9,keyboard,100092,click,2026-01-17T19:47:55.397390,A
u9,ultra,100727,click,2026-01-17T19:47:55.651522,A
u9,smart,100130,click,2026-01-17T19:47:55.953385,A
u9,router,100236,click,2026-01-17T19:47:56.363699,A
u9,mouse,100797,click,2026-01-17T19:47:56.597432,A
u9,treadmill,100044,click,2026-01-17T19:47:56.894504,A
u9,purifier,100136,click,2026-01-17T19:47:57.185754,A
u9,plus,100231,click,2026-01-17T19:47:57.463219,A
u9,,100231,add_to_cart,2026-01-17T19:47:57.466714,A
u9,speaker,100825,click,2026-01-17T19:47:57.729952,A
u9,,100825,add_to_cart,2026-01-17T19:47:57.732484,A
u9,camera,100336,click,2026-01-17T19:47:58.004500,A
u9,tablets,100489,click,2026-01-17T19:47:58.298701,A
u9,,100489,add_to_cart,2026-01-17T19:47:58.302779,A
u9,ultra,100066,click,2026-01-17T19:47:58.552731,A
u9,,100066,add_to_cart,2026-01-17T19:47:58.559346,A
u9,phone,100828,click,2026-01-17T19:47:58.846627,A
u9,fitness,100102,click,2026-01-17T19:47:59.178040,A
u9,networking,100589,click,2026-01-17T19:47:59.557161,A
u9,,100589,add_to_cart,2026-01-17T19:47:59.559784,A
u9,storage,100896,click,2026-01-17T19:47:59.817439,A
u9,mobiles,100397,click,2026-01-17T19:48:00.103435,A
u9,plus,100467,click,2026-01-17T19:48:00.338689,A
u9,storage,100621,click,2026-01-17T19:48:00.602876,A
u9,office,100155,click,2026-01-17T19:48:00.871359,A
u9,ultra,100581,click,2026-01-17T19:48:01.182323,A
u9,tvs,100409,click,2026-01-17T19:48:01.392111,A
u9,mouse,100605,click,2026-01-17T19:48:01.661087,A
u9,,100605,add_to_cart,2026-01-17T19:48:01.667736,A
u9,speaker,100401,click,2026-01-17T19:48:01.931791,A
u9,mouse,100928,click,2026-01-17T19:48:02.189833,A
u9,ultra,100058,click,2026-01-17T19:48:02.457303,A
u9,keyboard,100288,click,2026-01-17T19:48:02.737896,A
u9,storage,100142,click,2026-01-17T19:48:03.015150,A
u9,phone,100976,click,2026-01-17T19:48:03.273435,A
u9,wearables,100342,click,2026-01-17T19:48:03.618741,A
u9,console,100088,click,2026-01-17T19:48:03.865136,A
u9,storage,100519,click,2026-01-17T19:48:04.167576,A
u9,audio,100608,click,2026-01-17T19:48:04.488678,A
u9,,100608,add_to_cart,2026-01-17T19:48:04.491234,A
u9,storage,100723,click,2026-01-17T19:48:04.849784,A
u9,,100723,add_to_cart,2026-01-17T19:48:04.854786,A
u9,mouse,100777,click,2026-01-17T19:48:05.108667,A
u9,home appliances,100973,click,2026-01-17T19:48:05.556854,A
u9,ultra,100799,click,2026-01-17T19:48:05.813402,A
u9,,100799,add_to_cart,2026-01-17T19:48:05.816564,A
u9,home appliances,100984,click,2026-01-17T19:48:06.291777,A
u9,wearables,100710,click,2026-01-17T19:48:06.705820,A
u9,,100710,add_to_cart,2026-01-17T19:48:06.708514,A
u10,keyboard,100980,click,2026-01-17T19:48:07.249226,B
u10,purifier,100791,click,2026-01-17T19:48:07.553856,B
u10,monitor,100498,click,2026-01-17T19:48:07.872401,B
u10,tablets,100288,click,2026-01-17T19:48:08.153147,B
u10,phone,100056,click,2026-01-17T19:48:08.417979,B
u10,mouse,100215,click,2026-01-17T19:48:08.643835,B
u10,mouse,100984,click,2026-01-17T19:48:08.900203,B
u10,,100984,add_to_cart,2026-01-17T19:48:08.903080,B
u10,keyboard,100366,click,2026-01-17T19:48:09.160432,B
u10,,100366,add_to_cart,2026-01-17T19:48:09.163596,B
u10,smart,100510,click,2026-01-17T19:48:09.418788,B
u10,monitor,100732,click,2026-01-17T19:48:09.682126,B
u10,ultra,100517,click,2026-01-17T19:48:10.003686,B
u10,cameras,100037,click,2026-01-17T19:48:10.278658,B
u10,,100037,add_to_cart,2026-01-17T19:48:10.281104,B
u10,fitness,100509,click,2026-01-17T19:48:10.622116,B
u10,office,100616,click,2026-01-17T19:48:10.881026,B
u10,,100616,add_to_cart,2026-01-17T19:48:10.883589,B
u10,watch,100131,click,2026-01-17T19:48:11.126332,B
u10,,100131,add_to_cart,2026-01-17T19:48:11.130066,B
u10,wearables,100694,click,2026-01-17T19:48:11.458700,B
u10,speaker,100774,click,2026-01-17T19:48:11.703380,B
u10,treadmill,100968,click,2026-01-17T19:48:12.054395,B
u10,,100968,add_to_cart,2026-01-17T19:48:12.057797,B
u10,camera,100407,click,2026-01-17T19:48:12.302355,B
u10,,100407,add_to_cart,2026-01-17T19:48:12.305013,B
u10,elite,100303,click,2026-01-17T19:48:12.550824,B
u10,,100303,add_to_cart,2026-01-17T19:48:12.553315,B
u10,mouse,100549,click,2026-01-17T19:48:12.796334,B
u10,tablet,100549,click,2026-01-17T19:48:13.063512,B
u10,,100549,add_to_cart,2026-01-17T19:48:13.067209,B
u10,accessories,100673,click,2026-01-17T19:48:13.406105,B
u10,phone,100051,click,2026-01-17T19:48:13.654576,B
u10,monitor,100857,click,2026-01-17T19:48:13.925837,B
u10,,100857,add_to_cart,2026-01-17T19:48:13.934704,B
u10,watch,100061,click,2026-01-17T19:48:14.259087,B
u10,ultra,100422,click,2026-01-17T19:48:14.504081,B
u10,speaker,100337,click,2026-01-17T19:48:14.769477,B
u10,keyboard,100335,click,2026-01-17T19:48:15.032689,B
u10,mouse,100020,click,2026-01-17T19:48:15.291742,B
u10,watch,100059,click,2026-01-17T19:48:15.570506,B
u10,,100059,add_to_cart,2026-01-17T19:48:15.572940,B
u10,plus,100450,click,2026-01-17T19:48:15.809028,B
u10,router,100342,click,2026-01-17T19:48:16.082819,B
u10,smart home,100172,click,2026-01-17T19:48:16.579223,B
u10,,100172,add_to_cart,2026-01-17T19:48:16.582414,B
u10,monitor,100917,click,2026-01-17T19:48:16.941565,B
u10,tablet,100864,click,2026-01-17T19:48:17.178199,B
u10,ultra,100026,click,2026-01-17T19:48:17.395626,B
u10,ultra,100106,click,2026-01-17T19:48:17.644598,B
u10,gaming,100398,click,2026-01-17T19:48:17.904005,B
u10,,100398,add_to_cart,2026-01-17T19:48:17.906471,B
u10,speaker,100929,click,2026-01-17T19:48:18.176184,B
u11,mouse,100940,click,2026-01-17T19:48:18.721836,B
u11,fitness,100183,click,2026-01-17T19:48:19.024099,B
u11,purifier,100033,click,2026-01-17T19:48:19.274437,B
u11,keyboard,100128,click,2026-01-17T19:48:19.556558,B
u11,,100128,add_to_cart,2026-01-17T19:48:19.559035,B
u11,office,100854,click,2026-01-17T19:48:19.820732,B
u11,purifier,100748,click,2026-01-17T19:48:20.130432,B
u11,treadmill,100869,click,2026-01-17T19:48:20.407332,B
u11,speaker,100618,click,2026-01-17T19:48:20.705654,B
u11,watch,100433,click,2026-01-17T19:48:20.944769,B
u11,accessories,100846,click,2026-01-17T19:48:21.276595,B
u11,fitness,100185,click,2026-01-17T19:48:21.648498,B
u11,purifier,100080,click,2026-01-17T19:48:21.911691,B
u11,tablets,100153,click,2026-01-17T19:48:22.176206,B
u11,laptop,100724,click,2026-01-17T19:48:22.446965,B
u11,,100724,add_to_cart,2026-01-17T19:48:22.449392,B
u11,ultra,100199,click,2026-01-17T19:48:22.733621,B
u11,,100199,add_to_cart,2026-01-17T19:48:22.737740,B
u11,purifier,100324,click,2026-01-17T19:48:23.014189,B
u11,mouse,100522,click,2026-01-17T19:48:23.271709,B
u11,headphones,100799,click,2026-01-17T19:48:23.600631,B
u11,purifier,100547,click,2026-01-17T19:48:23.878160,B
u11,ultra,100208,click,2026-01-17T19:48:24.168435,B
u11,smart,100816,click,2026-01-17T19:48:24.392539,B
u11,plus,100916,click,2026-01-17T19:48:24.590528,B
u11,,100916,add_to_cart,2026-01-17T19:48:24.593044,B
u11,smart,100398,click,2026-01-17T19:48:24.870140,B
u11,,100398,add_to_cart,2026-01-17T19:48:24.872730,B
u11,watch,100742,click,2026-01-17T19:48:25.128842,B
u11,plus,100777,click,2026-01-17T19:48:25.336271,B
u11,gaming,100882,click,2026-01-17T19:48:25.585304,B
u11,phone,100845,click,2026-01-17T19:48:25.825731,B
u11,,100845,add_to_cart,2026-01-17T19:48:25.828224,B
u11,fitness,100031,click,2026-01-17T19:48:26.119735,B
u11,smart,100897,click,2026-01-17T19:48:26.330059,B
u11,purifier,100200,click,2026-01-17T19:48:26.638461,B
u11,fitness,100958,click,2026-01-17T19:48:27.083894,B
u11,elite,100294,click,2026-01-17T19:48:27.352540,B
u11,treadmill,100160,click,2026-01-17T19:48:27.630578,B
u11,,100160,add_to_cart,2026-01-17T19:48:27.633100,B
u11,smart,100407,click,2026-01-17T19:48:27.890727,B
u11,watch,100015,click,2026-01-17T19:48:28.169839,B
u11,prime,100184,click,2026-01-17T19:48:28.433847,B
u11,ultra,100003,click,2026-01-17T19:48:28.672366,B
u11,monitor,100826,click,2026-01-17T19:48:28.956826,B
u11,elite,100414,click,2026-01-17T19:48:29.194032,B
u11,prime,100789,click,2026-01-17T19:48:29.442214,B
u12,laptops,100081,click,2026-01-17T19:48:30.013850,A
u12,,100081,add_to_cart,2026-01-17T19:48:30.016309,A
u12,laptop,100889,click,2026-01-17T19:48:30.301724,A
u12,laptops,100813,click,2026-01-17T19:48:30.579805,A
u12,audio,100161,click,2026-01-17T19:48:30.873128,A
u12,router,100990,click,2026-01-17T19:48:31.186548,A
u12,,100990,add_to_cart,2026-01-17T19:48:31.189207,A
u12,accessories,100229,click,2026-01-17T19:48:31.468449,A
u12,elite,100536,click,2026-01-17T19:48:31.744356,A
u12,,100536,add_to_cart,2026-01-17T19:48:31.750072,A
u12,mouse,100094,click,2026-01-17T19:48:32.041421,A
u12,router,100222,click,2026-01-17T19:48:32.365163,A
u12,,100222,add_to_cart,2026-01-17T19:48:32.367564,A
u12,elite,100538,click,2026-01-17T19:48:32.682440,A
u12,ultra,100635,click,2026-01-17T19:48:32.942982,A
u12,,100635,add_to_cart,2026-01-17T19:48:32.946022,A
u12,ultra,100854,click,2026-01-17T19:48:33.225794,A
u12,headphones,100629,click,2026-01-17T19:48:33.541418,A
u12,,100629,add_to_cart,2026-01-17T19:48:33.544048,A
u12,laptops,100964,click,2026-01-17T19:48:33.830548,A
u12,,100964,add_to_cart,2026-01-17T19:48:33.834221,A
u12,monitor,100396,click,2026-01-17T19:48:34.102503,A
u12,watch,100850,click,2026-01-17T19:48:34.362517,A
u12,,100850,add_to_cart,2026-01-17T19:48:34.365600,A
u12,router,100084,click,2026-01-17T19:48:34.604952,A
u12,,100084,add_to_cart,2026-01-17T19:48:34.607350,A
u12,elite,100633,click,2026-01-17T19:48:34.871159,A
u12,purifier,100874,click,2026-01-17T19:48:35.134727,A
u12,,100874,add_to_cart,2026-01-17T19:48:35.137235,A
u12,tablet,100444,click,2026-01-17T19:48:35.429933,A
u12,laptops,100218,click,2026-01-17T19:48:35.691072,A
u12,camera,100215,click,2026-01-17T19:48:36.020577,A
u12,,100215,add_to_cart,2026-01-17T19:48:36.024192,A
u12,laptop,100312,click,2026-01-17T19:48:36.299971,A
u12,keyboard,100668,click,2026-01-17T19:48:36.586601,A
u12,smart,100808,click,2026-01-17T19:48:36.881200,A
u12,,100808,add_to_cart,2026-01-17T19:48:36.886233,A
u12,monitor,100317,click,2026-01-17T19:48:37.187852,A
u12,elite,100665,click,2026-01-17T19:48:37.595632,A
u12,smart,100769,click,2026-01-17T19:48:37.888645,A
u12,wearables,100009,click,2026-01-17T19:48:38.240950,A
u12,headphones,100267,click,2026-01-17T19:48:38.525649,A
u12,,100267,add_to_cart,2026-01-17T19:48:38.528315,A
u12,plus,100350,click,2026-01-17T19:48:38.803310,A
u12,keyboard,100539,click,2026-01-17T19:48:39.101222,A
u12,plus,100756,click,2026-01-17T19:48:39.353418,A
u12,audio,100541,click,2026-01-17T19:48:39.661051,A
u12,elite,100838,click,2026-01-17T19:48:39.942352,A
u12,,100838,add_to_cart,2026-01-17T19:48:39.946528,A
u12,console,100008,click,2026-01-17T19:48:40.200829,A
u12,plus,100334,click,2026-01-17T19:48:40.480222,A
u12,,100334,add_to_cart,2026-01-17T19:48:40.483792,A
u12,headphones,100260,click,2026-01-17T19:48:40.745411,A
u12,home appliances,100892,click,2026-01-17T19:48:41.159503,A
u12,laptops,100057,click,2026-01-17T19:48:41.447299,A
u13,speaker,100825,click,2026-01-17T19:48:42.082550,B
u13,,100825,add_to_cart,2026-01-17T19:48:42.085922,B
u13,laptop,100552,click,2026-01-17T19:48:42.302033,B
u13,console,100039,click,2026-01-17T19:48:42.547550,B
u13,treadmill,100944,click,2026-01-17T19:48:42.800883,B
u13,keyboard,100545,click,2026-01-17T19:48:43.099118,B
u13,speaker,100587,click,2026-01-17T19:48:43.399345,B
u13,,100587,add_to_cart,2026-01-17T19:48:43.402211,B
u13,smart,100332,click,2026-01-17T19:48:43.636722,B
u13,office,100910,click,2026-01-17T19:48:43.990656,B
u13,ultra,100989,click,2026-01-17T19:48:44.231706,B
u13,watch,100642,click,2026-01-17T19:48:44.505075,B
u13,tablets,100069,click,2026-01-17T19:48:44.770429,B
u13,ultra,100398,click,2026-01-17T19:48:45.026372,B
u13,,100398,add_to_cart,2026-01-17T19:48:45.029676,B
u13,tablet,100010,click,2026-01-17T19:48:45.285276,B
u13,plus,100555,click,2026-01-17T19:48:45.504931,B
u13,,100555,add_to_cart,2026-01-17T19:48:45.507466,B
u13,headphones,100932,click,2026-01-17T19:48:45.809448,B
u13,,100932,add_to_cart,2026-01-17T19:48:45.815171,B
u13,networking,100168,click,2026-01-17T19:48:46.132341,B
u13,speaker,100756,click,2026-01-17T19:48:46.379218,B
u13,,100756,add_to_cart,2026-01-17T19:48:46.381661,B
u13,watch,100445,click,2026-01-17T19:48:46.650489,B
u13,audio,100992,click,2026-01-17T19:48:46.915167,B
u13,,100992,add_to_cart,2026-01-17T19:48:46.921597,B
u13,keyboard,100673,click,2026-01-17T19:48:47.223278,B
u13,wearables,100312,click,2026-01-17T19:48:47.490069,B
u13,,100312,add_to_cart,2026-01-17T19:48:47.492938,B
u13,plus,100940,click,2026-01-17T19:48:47.767302,B
u13,,100940,add_to_cart,2026-01-17T19:48:47.770684,B
u13,prime,100727,click,2026-01-17T19:48:48.067724,B
u13,laptop,100186,click,2026-01-17T19:48:48.312772,B
u13,smart,100715,click,2026-01-17T19:48:48.541214,B
u13,smart home,100328,click,2026-01-17T19:48:48.910102,B
u13,headphones,100441,click,2026-01-17T19:48:49.230749,B
u13,,100441,add_to_cart,2026-01-17T19:48:49.234849,B
u13,laptop,100155,click,2026-01-17T19:48:49.503067,B
u13,,100155,add_to_cart,2026-01-17T19:48:49.505553,B
u13,smart,100595,click,2026-01-17T19:48:49.714074,B
u13,phone,100428,click,2026-01-17T19:48:49.946028,B
u13,networking,100085,click,2026-01-17T19:48:50.310801,B
u13,monitor,100633,click,2026-01-17T19:48:50.584592,B
u13,ultra,100314,click,2026-01-17T19:48:50.818317,B
u13,,100314,add_to_cart,2026-01-17T19:48:50.820759,B
u13,speaker,100456,click,2026-01-17T19:48:51.078643,B
u13,fitness,100980,click,2026-01-17T19:48:51.365543,B
u13,,100980,add_to_cart,2026-01-17T19:48:51.369140,B
u13,audio,100068,click,2026-01-17T19:48:51.624825,B
u13,console,100660,click,2026-01-17T19:48:51.883458,B
u13,prime,100517,click,2026-01-17T19:48:52.186289,B
u13,ultra,100232,click,2026-01-17T19:48:52.411125,B
u13,console,100621,click,2026-01-17T19:48:52.643111,B
u14,plus,100283,click,2026-01-17T19:48:53.149114,B
u14,tablet,100853,click,2026-01-17T19:48:53.438405,B
u14,ultra,100508,click,2026-01-17T19:48:53.683868,B
u14,,100508,add_to_cart,2026-01-17T19:48:53.686379,B
u14,camera,100806,click,2026-01-17T19:48:53.974226,B
u14,treadmill,100100,click,2026-01-17T19:48:54.257141,B
u14,monitor,100200,click,2026-01-17T19:48:54.583530,B
u14,,100200,add_to_cart,2026-01-17T19:48:54.586742,B
u14,router,100092,click,2026-01-17T19:48:54.854311,B
u14,treadmill,100097,click,2026-01-17T19:48:55.131606,B
u14,tablet,100064,click,2026-01-17T19:48:55.389775,B
u14,router,100520,click,2026-01-17T19:48:55.688337,B
u14,watch,100255,click,2026-01-17T19:48:55.964122,B
u14,audio,100401,click,2026-01-17T19:48:56.254049,B
u14,ultra,100935,click,2026-01-17T19:48:56.533868,B
u14,headphones,100073,click,2026-01-17T19:48:56.807628,B
u14,,100073,add_to_cart,2026-01-17T19:48:56.815869,B
u14,storage,100392,click,2026-01-17T19:48:57.116531,B
u14,tvs,100872,click,2026-01-17T19:48:57.373936,B
u14,keyboard,100126,click,2026-01-17T19:48:57.629997,B
u14,mobiles,100388,click,2026-01-17T19:48:58.052868,B
u14,,100388,add_to_cart,2026-01-17T19:48:58.056126,B
u14,mouse,100230,click,2026-01-17T19:48:58.303097,B
u14,smart home,100987,click,2026-01-17T19:48:58.648559,B
u14,,100987,add_to_cart,2026-01-17T19:48:58.651161,B
u14,purifier,100752,click,2026-01-17T19:48:58.950478,B
u14,laptop,100781,click,2026-01-17T19:48:59.181990,B
u14,mobiles,100282,click,2026-01-17T19:48:59.450902,B
u14,laptop,100766,click,2026-01-17T19:48:59.700030,B
u14,keyboard,100226,click,2026-01-17T19:49:00.001512,B
u14,prime,100020,click,2026-01-17T19:49:00.259786,B
u14,prime,100296,click,2026-01-17T19:49:00.512909,B
u14,,100296,add_to_cart,2026-01-17T19:49:00.515393,B
u14,mouse,100150,click,2026-01-17T19:49:00.784052,B
u14,smart home,100494,click,2026-01-17T19:49:01.108368,B
u14,console,100605,click,2026-01-17T19:49:01.349865,B
u14,networking,100830,click,2026-01-17T19:49:01.653664,B
u14,,100830,add_to_cart,2026-01-17T19:49:01.656294,B
u14,ultra,100924,click,2026-01-17T19:49:01.879730,B
u14,,100924,add_to_cart,2026-01-17T19:49:01.882211,B
u14,plus,100053,click,2026-01-17T19:49:02.091147,B
u14,,100053,add_to_cart,2026-01-17T19:49:02.094352,B
u14,speaker,100986,click,2026-01-17T19:49:02.327559,B
u14,home appliances,100111,click,2026-01-17T19:49:02.708356,B
u14,elite,100973,click,2026-01-17T19:49:02.922626,B
u14,speaker,100700,click,2026-01-17T19:49:03.195928,B
u14,elite,100666,click,2026-01-17T19:49:03.436767,B
u14,,100666,add_to_cart,2026-01-17T19:49:03.439302,B
u14,purifier,100275,click,2026-01-17T19:49:03.675655,B
u14,,100275,add_to_cart,2026-01-17T19:49:03.678196,B
u14,console,100784,click,2026-01-17T19:49:03.935583,B
u14,,100784,add_to_cart,2026-01-17T19:49:03.937993,B
u15,camera,100500,click,2026-01-17T19:49:04.455095,B
u15,headphones,100781,click,2026-01-17T19:49:04.766888,B
u15,gaming,100476,click,2026-01-17T19:49:05.037039,B
u15,,100476,add_to_cart,2026-01-17T19:49:05.039479,B
u15,monitor,100261,click,2026-01-17T19:49:05.297889,B
u15,prime,100263,click,2026-01-17T19:49:05.564758,B
u15,,100263,add_to_cart,2026-01-17T19:49:05.567404,B
u15,tvs,100691,click,2026-01-17T19:49:05.784297,B
u15,smart,100672,click,2026-01-17T19:49:06.069683,B
u15,camera,100482,click,2026-01-17T19:49:06.340515,B
u15,headphones,100293,click,2026-01-17T19:49:06.645091,B
u15,gaming,100888,click,2026-01-17T19:49:06.914534,B
u15,,100888,add_to_cart,2026-01-17T19:49:06.918498,B
u15,home appliances,100230,click,2026-01-17T19:49:07.336442,B
u15,,100230,add_to_cart,2026-01-17T19:49:07.339602,B
u15,smart,100385,click,2026-01-17T19:49:07.581429,B
u15,watch,100053,click,2026-01-17T19:49:07.822058,B
u15,speaker,100125,click,2026-01-17T19:49:08.212570,B
u15,console,100777,click,2026-01-17T19:49:08.467969,B
u15,tablet,100498,click,2026-01-17T19:49:08.715633,B
u15,tablets,100647,click,2026-01-17T19:49:09.030768,B
u15,keyboard,100458,click,2026-01-17T19:49:09.314969,B
u15,laptops,100379,click,2026-01-17T19:49:09.588622,B
u15,headphones,100364,click,2026-01-17T19:49:09.877956,B
u15,mouse,100019,click,2026-01-17T19:49:10.127927,B
u15,plus,100783,click,2026-01-17T19:49:10.360297,B
u15,storage,100400,click,2026-01-17T19:49:10.648812,B
u15,,100400,add_to_cart,2026-01-17T19:49:10.654667,B
u15,tvs,100447,click,2026-01-17T19:49:10.888551,B
u15,tablet,100793,click,2026-01-17T19:49:11.234395,B
u15,gaming,100439,click,2026-01-17T19:49:11.531180,B
u15,,100439,add_to_cart,2026-01-17T19:49:11.534576,B
u15,keyboard,100779,click,2026-01-17T19:49:11.820359,B
u15,mouse,100444,click,2026-01-17T19:49:12.073218,B
u15,treadmill,100516,click,2026-01-17T19:49:12.352441,B
u15,smart,100163,click,2026-01-17T19:49:12.583201,B
u15,laptop,100458,click,2026-01-17T19:49:12.834896,B
u15,,100458,add_to_cart,2026-01-17T19:49:12.840071,B
u15,mobiles,100979,click,2026-01-17T19:49:13.117131,B
u15,smart home,100855,click,2026-01-17T19:49:13.464745,B
u15,cameras,100858,click,2026-01-17T19:49:13.703724,B
u15,smart,100429,click,2026-01-17T19:49:13.990941,B
u15,,100429,add_to_cart,2026-01-17T19:49:13.996697,B
u15,plus,100752,click,2026-01-17T19:49:14.190079,B
u15,accessories,100546,click,2026-01-17T19:49:14.516748,B
u15,tvs,100887,click,2026-01-17T19:49:14.723762,B
u15,phone,100156,click,2026-01-17T19:49:14.987357,B
u15,keyboard,100161,click,2026-01-17T19:49:15.228278,B
u16,tvs,100314,click,2026-01-17T19:49:15.732622,A
u16,phone,100811,click,2026-01-17T19:49:15.976401,A
u16,keyboard,100736,click,2026-01-17T19:49:16.285747,A
u16,,100736,add_to_cart,2026-01-17T19:49:16.288285,A
u16,fitness,100626,click,2026-01-17T19:49:16.611573,A
u16,headphones,100539,click,2026-01-17T19:49:16.911172,A
u16,laptop,100127,click,2026-01-17T19:49:17.204418,A
u16,tablet,100591,click,2026-01-17T19:49:17.489407,A
u16,console,100022,click,2026-01-17T19:49:17.784980,A
u16,,100022,add_to_cart,2026-01-17T19:49:17.787493,A
u16,monitor,100123,click,2026-01-17T19:49:18.056310,A
u16,gaming,100613,click,2026-01-17T19:49:18.405491,A
u16,monitor,100969,click,2026-01-17T19:49:18.686409,A
u16,,100969,add_to_cart,2026-01-17T19:49:18.689460,A
u16,purifier,100908,click,2026-01-17T19:49:18.946858,A
u16,treadmill,100396,click,2026-01-17T19:49:19.255138,A
u16,,100396,add_to_cart,2026-01-17T19:49:19.258371,A
u16,tablet,100654,click,2026-01-17T19:49:19.605602,A
u16,,100654,add_to_cart,2026-01-17T19:49:19.608055,A
u16,phone,100100,click,2026-01-17T19:49:19.845642,A
u16,audio,100983,click,2026-01-17T19:49:20.109476,A
u16,,100983,add_to_cart,2026-01-17T19:49:20.112671,A
u16,prime,100871,click,2026-01-17T19:49:20.380032,A
u16,,100871,add_to_cart,2026-01-17T19:49:20.382712,A
u16,tablets,100853,click,2026-01-17T19:49:20.691734,A
u16,cameras,100578,click,2026-01-17T19:49:20.981130,A
u16,,100578,add_to_cart,2026-01-17T19:49:20.983652,A
u16,plus,100046,click,2026-01-17T19:49:21.191059,A
u16,plus,100089,click,2026-01-17T19:49:21.462410,A
u16,,100089,add_to_cart,2026-01-17T19:49:21.465642,A
u16,tablet,100917,click,2026-01-17T19:49:21.798729,A
u16,plus,100163,click,2026-01-17T19:49:22.058820,A
u16,,100163,add_to_cart,2026-01-17T19:49:22.062529,A
u16,smart,100770,click,2026-01-17T19:49:22.306107,A
u16,headphones,100913,click,2026-01-17T19:49:22.612478,A
u16,wearables,100675,click,2026-01-17T19:49:22.931920,A
u16,router,100991,click,2026-01-17T19:49:23.174911,A
u16,router,100437,click,2026-01-17T19:49:23.413601,A
u16,,100437,add_to_cart,2026-01-17T19:49:23.416570,A
u16,accessories,100316,click,2026-01-17T19:49:23.798735,A
u16,speaker,100886,click,2026-01-17T19:49:24.120667,A
u16,wearables,100756,click,2026-01-17T19:49:24.415475,A
u16,laptops,100920,click,2026-01-17T19:49:24.690041,A
u16,,100920,add_to_cart,2026-01-17T19:49:24.692471,A
u16,fitness,100462,click,2026-01-17T19:49:24.998609,A
u16,,100462,add_to_cart,2026-01-17T19:49:25.003022,A
u16,laptop,100965,click,2026-01-17T19:49:25.293144,A
u16,,100965,add_to_cart,2026-01-17T19:49:25.298675,A
u16,speaker,100759,click,2026-01-17T19:49:25.571188,A
u16,,100759,add_to_cart,2026-01-17T19:49:25.573734,A
u16,monitor,100493,click,2026-01-17T19:49:25.924659,A
u16,laptops,100943,click,2026-01-17T19:49:26.216232,A
u16,watch,100101,click,2026-01-17T19:49:26.492202,A
u16,headphones,100133,click,2026-01-17T19:49:26.805786,A
u16,wearables,100049,click,2026-01-17T19:49:27.081641,A
u16,,100049,add_to_cart,2026-01-17T19:49:27.084140,A
u17,treadmill,100452,click,2026-01-17T19:49:27.652274,B
u17,headphones,100801,click,2026-01-17T19:49:28.085796,B
u17,accessories,100038,click,2026-01-17T19:49:28.402894,B
u17,laptops,100296,click,2026-01-17T19:49:28.810434,B
u17,,100296,add_to_cart,2026-01-17T19:49:28.812948,B
u17,router,100325,click,2026-01-17T19:49:29.049299,B
u17,,100325,add_to_cart,2026-01-17T19:49:29.052130,B
u17,laptops,100750,click,2026-01-17T19:49:29.309888,B
u17,tablet,100398,click,2026-01-17T19:49:29.573308,B
u17,prime,100124,click,2026-01-17T19:49:29.848445,B
u17,,100124,add_to_cart,2026-01-17T19:49:29.852043,B
u17,smart home,100806,click,2026-01-17T19:49:30.224485,B
u17,watch,100109,click,2026-01-17T19:49:30.471296,B
u17,,100109,add_to_cart,2026-01-17T19:49:30.474132,B
u17,router,100535,click,2026-01-17T19:49:30.726580,B
u17,networking,100912,click,2026-01-17T19:49:31.046221,B
u17,phone,100966,click,2026-01-17T19:49:31.263732,B
u17,tablets,100451,click,2026-01-17T19:49:31.521527,B
u17,treadmill,100975,click,2026-01-17T19:49:31.794002,B
u17,laptop,100663,click,2026-01-17T19:49:32.059863,B
u17,wearables,100420,click,2026-01-17T19:49:32.359274,B
u17,,100420,add_to_cart,2026-01-17T19:49:32.361759,B
u17,office,100251,click,2026-01-17T19:49:32.634660,B
u17,smart,100295,click,2026-01-17T19:49:32.857561,B
u17,router,100158,click,2026-01-17T19:49:33.223755,B
u17,camera,100281,click,2026-01-17T19:49:33.473130,B
u17,smart,100132,click,2026-01-17T19:49:33.750419,B
u17,,100132,add_to_cart,2026-01-17T19:49:33.752917,B
u17,treadmill,100241,click,2026-01-17T19:49:34.010266,B
u17,mobiles,100395,click,2026-01-17T19:49:34.362903,B
u17,treadmill,100122,click,2026-01-17T19:49:34.635902,B
u17,console,100170,click,2026-01-17T19:49:34.861379,B
u17,wearables,100055,click,2026-01-17T19:49:35.163535,B
u17,prime,100073,click,2026-01-17T19:49:35.370096,B
u17,gaming,100744,click,2026-01-17T19:49:35.641334,B
u17,fitness,100688,click,2026-01-17T19:49:35.924593,B
u17,speaker,100352,click,2026-01-17T19:49:36.177507,B
u17,monitor,100409,click,2026-01-17T19:49:36.482812,B
u17,smart,100252,click,2026-01-17T19:49:36.698548,B
u17,accessories,100032,click,2026-01-17T19:49:37.025091,B
u17,,100032,add_to_cart,2026-01-17T19:49:37.027614,B
u17,storage,100764,click,2026-01-17T19:49:37.308108,B
u17,wearables,100429,click,2026-01-17T19:49:37.579764,B
u17,,100429,add_to_cart,2026-01-17T19:49:37.587125,B
u17,camera,100916,click,2026-01-17T19:49:37.824221,B
u17,cameras,100538,click,2026-01-17T19:49:38.089715,B
u17,networking,100478,click,2026-01-17T19:49:38.473742,B
u17,,100478,add_to_cart,2026-01-17T19:49:38.476336,B
u17,keyboard,100261,click,2026-01-17T19:49:38.819296,B
u17,,100261,add_to_cart,2026-01-17T19:49:38.826203,B
u18,prime,100427,click,2026-01-17T19:49:39.406127,B
u18,,100427,add_to_cart,2026-01-17T19:49:39.408670,B
u18,headphones,100240,click,2026-01-17T19:49:39.717874,B
u18,laptop,100854,click,2026-01-17T19:49:39.945965,B
u18,,100854,add_to_cart,2026-01-17T19:49:39.950397,B
u18,keyboard,100290,click,2026-01-17T19:49:40.223466,B
u18,router,100822,click,2026-01-17T19:49:40.458601,B
u18,networking,100202,click,2026-01-17T19:49:40.789474,B
u18,plus,100805,click,2026-01-17T19:49:40.999940,B
u18,,100805,add_to_cart,2026-01-17T19:49:41.003886,B
u18,laptops,100699,click,2026-01-17T19:49:41.257605,B
u18,prime,100221,click,2026-01-17T19:49:41.493006,B
u18,,100221,add_to_cart,2026-01-17T19:49:41.495636,B
u18,monitor,100139,click,2026-01-17T19:49:41.767299,B
u18,,100139,add_to_cart,2026-01-17T19:49:41.770188,B
u18,mobiles,100755,click,2026-01-17T19:49:42.066754,B
u18,phone,100475,click,2026-01-17T19:49:42.303285,B
u18,,100475,add_to_cart,2026-01-17T19:49:42.305784,B
u18,phone,100042,click,2026-01-17T19:49:42.547012,B
u18,laptops,100687,click,2026-01-17T19:49:42.809439,B
u18,tablet,100223,click,2026-01-17T19:49:43.052708,B
u18,treadmill,100473,click,2026-01-17T19:49:43.346664,B
u18,ultra,100635,click,2026-01-17T19:49:43.564560,B
u18,fitness,100320,click,2026-01-17T19:49:43.873768,B
u18,,100320,add_to_cart,2026-01-17T19:49:43.876219,B
u18,cameras,100767,click,2026-01-17T19:49:44.132370,B
u18,tablet,100963,click,2026-01-17T19:49:44.476471,B
u18,ultra,100306,click,2026-01-17T19:49:44.786170,B
u18,laptop,100634,click,2026-01-17T19:49:45.040129,B
u18,laptop,100492,click,2026-01-17T19:49:45.285122,B
u18,laptop,100564,click,2026-01-17T19:49:45.547091,B
u18,,100564,add_to_cart,2026-01-17T19:49:45.549967,B
u18,speaker,100022,click,2026-01-17T19:49:45.822425,B
u18,home appliances,100041,click,2026-01-17T19:49:46.244719,B
u18,smart,100369,click,2026-01-17T19:49:46.447916,B
u18,office,100299,click,2026-01-17T19:49:46.734229,B
u18,smart home,100304,click,2026-01-17T19:49:47.074951,B
u18,,100304,add_to_cart,2026-01-17T19:49:47.077511,B
u18,watch,100504,click,2026-01-17T19:49:47.327018,B
u18,laptops,100813,click,2026-01-17T19:49:47.569473,B
u18,keyboard,100107,click,2026-01-17T19:49:47.818606,B
u18,,100107,add_to_cart,2026-01-17T19:49:47.823781,B
u18,laptop,100828,click,2026-01-17T19:49:48.109144,B
u18,plus,100011,click,2026-01-17T19:49:48.355784,B
u18,,100011,add_to_cart,2026-01-17T19:49:48.359509,B
u18,elite,100502,click,2026-01-17T19:49:48.590978,B
u18,,100502,add_to_cart,2026-01-17T19:49:48.595050,B
u18,camera,100129,click,2026-01-17T19:49:48.837312,B
u18,,100129,add_to_cart,2026-01-17T19:49:48.840591,B
u18,router,100504,click,2026-01-17T19:49:49.224779,B
u18,cameras,100281,click,2026-01-17T19:49:49.518491,B
u18,camera,100679,click,2026-01-17T19:49:49.781537,B
u18,,100679,add_to_cart,2026-01-17T19:49:49.785316,B
u18,office,100389,click,2026-01-17T19:49:50.053991,B
u19,laptop,100101,click,2026-01-17T19:49:50.597533,B
u19,,100101,add_to_cart,2026-01-17T19:49:50.600676,B
u19,ultra,100007,click,2026-01-17T19:49:50.861462,B
u19,monitor,100014,click,2026-01-17T19:49:51.178570,B
u19,,100014,add_to_cart,2026-01-17T19:49:51.181930,B
u19,accessories,100981,click,2026-01-17T19:49:51.493608,B
u19,smart home,100871,click,2026-01-17T19:49:51.838976,B
u19,camera,100402,click,2026-01-17T19:49:52.093557,B
u19,smart,100226,click,2026-01-17T19:49:52.327012,B
u19,,100226,add_to_cart,2026-01-17T19:49:52.329520,B
u19,tablets,100195,click,2026-01-17T19:49:52.590291,B
u19,,100195,add_to_cart,2026-01-17T19:49:52.592732,B
u19,gaming,100606,click,2026-01-17T19:49:52.840726,B
u19,monitor,100245,click,2026-01-17T19:49:53.167222,B
u19,,100245,add_to_cart,2026-01-17T19:49:53.173856,B
u19,smart,100798,click,2026-01-17T19:49:53.438989,B
u19,headphones,100242,click,2026-01-17T19:49:53.729455,B
u19,speaker,100412,click,2026-01-17T19:49:54.004110,B
u19,plus,100258,click,2026-01-17T19:49:54.202168,B
u19,treadmill,100222,click,2026-01-17T19:49:54.499828,B
u19,mobiles,100453,click,2026-01-17T19:49:54.754865,B
u19,laptop,100050,click,2026-01-17T19:49:55.041923,B
u19,plus,100706,click,2026-01-17T19:49:55.316451,B
u19,,100706,add_to_cart,2026-01-17T19:49:55.320604,B
u19,tablet,100321,click,2026-01-17T19:49:55.586724,B
u19,,100321,add_to_cart,2026-01-17T19:49:55.590172,B
u19,audio,100452,click,2026-01-17T19:49:55.854457,B
u19,office,100910,click,2026-01-17T19:49:56.120440,B
u19,fitness,100650,click,2026-01-17T19:49:56.418289,B
u19,mouse,100445,click,2026-01-17T19:49:56.645833,B
u19,ultra,100181,click,2026-01-17T19:49:56.889307,B
u19,camera,100246,click,2026-01-17T19:49:57.174273,B
u19,smart home,100220,click,2026-01-17T19:49:57.529576,B
u19,,100220,add_to_cart,2026-01-17T19:49:57.534858,B
u19,audio,100161,click,2026-01-17T19:49:57.792326,B
u19,,100161,add_to_cart,2026-01-17T19:49:57.794802,B
u19,console,100806,click,2026-01-17T19:49:58.053209,B
u19,watch,100445,click,2026-01-17T19:49:58.305046,B
u19,keyboard,100054,click,2026-01-17T19:49:58.644674,B
u19,mobiles,100154,click,2026-01-17T19:49:58.887660,B
u19,,100154,add_to_cart,2026-01-17T19:49:58.890172,B
u19,office,100529,click,2026-01-17T19:49:59.166908,B
u19,camera,100562,click,2026-01-17T19:49:59.605704,B
u19,,100562,add_to_cart,2026-01-17T19:49:59.608463,B
u19,elite,100806,click,2026-01-17T19:49:59.834180,B
u19,tablets,100820,click,2026-01-17T19:50:00.107230,B
u19,accessories,100431,click,2026-01-17T19:50:00.403920,B
u19,laptop,100781,click,2026-01-17T19:50:00.628128,B
u19,plus,100136,click,2026-01-17T19:50:00.915638,B
u19,camera,100973,click,2026-01-17T19:50:01.212127,B
u19,router,100050,click,2026-01-17T19:50:01.479606,B
u19,,100050,add_to_cart,2026-01-17T19:50:01.482117,B
u20,tablet,100163,click,2026-01-17T19:50:02.053902,A
u20,,100163,add_to_cart,2026-01-17T19:50:02.059970,A
u20,prime,100998,click,2026-01-17T19:50:02.336086,A
u20,home appliances,100046,click,2026-01-17T19:50:02.732999,A
u20,wearables,100121,click,2026-01-17T19:50:03.040791,A
u20,accessories,100721,click,2026-01-17T19:50:03.324921,A
u20,,100721,add_to_cart,2026-01-17T19:50:03.327514,A
u20,watch,100775,click,2026-01-17T19:50:03.659130,A
u20,,100775,add_to_cart,2026-01-17T19:50:03.667792,A
u20,headphones,100555,click,2026-01-17T19:50:03.988452,A
u20,,100555,add_to_cart,2026-01-17T19:50:03.991849,A
u20,router,100285,click,2026-01-17T19:50:04.255452,A
u20,audio,100525,click,2026-01-17T19:50:04.552580,A
u20,mouse,100562,click,2026-01-17T19:50:04.803132,A
u20,speaker,100195,click,2026-01-17T19:50:05.091904,A
u20,,100195,add_to_cart,2026-01-17T19:50:05.095746,A
u20,prime,100767,click,2026-01-17T19:50:05.363156,A
u20,plus,100007,click,2026-01-17T19:50:05.576769,A
u20,smart,100197,click,2026-01-17T19:50:05.852706,A
u20,,100197,add_to_cart,2026-01-17T19:50:05.855380,A
u20,laptop,100011,click,2026-01-17T19:50:06.107788,A
u20,mouse,100972,click,2026-01-17T19:50:06.385284,A
u20,,100972,add_to_cart,2026-01-17T19:50:06.398313,A
u20,console,100078,click,2026-01-17T19:50:06.656524,A
u20,,100078,add_to_cart,2026-01-17T19:50:06.661599,A
u20,accessories,100038,click,2026-01-17T19:50:07.013602,A
u20,smart home,100503,click,2026-01-17T19:50:07.357098,A
u20,gaming,100004,click,2026-01-17T19:50:07.633406,A
u20,monitor,100065,click,2026-01-17T19:50:07.979910,A
u20,elite,100896,click,2026-01-17T19:50:08.261426,A
u20,tablets,100223,click,2026-01-17T19:50:08.555052,A
u20,smart,100657,click,2026-01-17T19:50:08.831538,A
u20,router,100561,click,2026-01-17T19:50:09.101631,A
u20,,100561,add_to_cart,2026-01-17T19:50:09.108953,A
u20,mouse,100678,click,2026-01-17T19:50:09.399358,A
u20,,100678,add_to_cart,2026-01-17T19:50:09.402338,A
u20,router,100093,click,2026-01-17T19:50:09.804982,A
u20,cameras,100614,click,2026-01-17T19:50:10.182559,A
u20,,100614,add_to_cart,2026-01-17T19:50:10.184983,A
u20,speaker,100007,click,2026-01-17T19:50:10.492793,A
u20,phone,100681,click,2026-01-17T19:50:10.787932,A
u20,phone,100655,click,2026-01-17T19:50:11.044898,A
u20,,100655,add_to_cart,2026-01-17T19:50:11.050693,A
u20,audio,100260,click,2026-01-17T19:50:11.341194,A
u20,headphones,100327,click,2026-01-17T19:50:11.633481,A
u20,,100327,add_to_cart,2026-01-17T19:50:11.636745,A
u20,smart home,100276,click,2026-01-17T19:50:12.037911,A
u20,,100276,add_to_cart,2026-01-17T19:50:12.043152,A
u20,cameras,100571,click,2026-01-17T19:50:12.328803,A
u20,,100571,add_to_cart,2026-01-17T19:50:12.331470,A
u20,ultra,100072,click,2026-01-17T19:50:12.592394,A
u20,purifier,100676,click,2026-01-17T19:50:12.860699,A
u20,treadmill,100502,click,2026-01-17T19:50:13.139465,A
u20,keyboard,100808,click,2026-01-17T19:50:13.432575,A
u20,keyboard,100543,click,2026-01-17T19:50:13.724564,A
u21,networking,100823,click,2026-01-17T19:50:14.356229,B
u21,,100823,add_to_cart,2026-01-17T19:50:14.359331,B
u21,elite,100641,click,2026-01-17T19:50:14.617445,B
u21,,100641,add_to_cart,2026-01-17T19:50:14.621571,B
u21,wearables,100308,click,2026-01-17T19:50:14.916178,B
u21,treadmill,100116,click,2026-01-17T19:50:15.203623,B
u21,watch,100798,click,2026-01-17T19:50:15.442446,B
u21,,100798,add_to_cart,2026-01-17T19:50:15.445983,B
u21,router,100139,click,2026-01-17T19:50:15.680435,B
u21,,100139,add_to_cart,2026-01-17T19:50:15.682948,B
u21,gaming,100915,click,2026-01-17T19:50:15.970076,B
u21,purifier,100899,click,2026-01-17T19:50:16.277983,B
u21,speaker,100320,click,2026-01-17T19:50:16.538462,B
u21,smart,100989,click,2026-01-17T19:50:16.762288,B
u21,,100989,add_to_cart,2026-01-17T19:50:16.765214,B
u21,elite,100601,click,2026-01-17T19:50:17.027479,B
u21,networking,100202,click,2026-01-17T19:50:17.414372,B
u21,storage,100350,click,2026-01-17T19:50:17.813542,B
u21,elite,100931,click,2026-01-17T19:50:18.123106,B
u21,watch,100372,click,2026-01-17T19:50:18.452092,B
u21,phone,100926,click,2026-01-17T19:50:18.657566,B
u21,,100926,add_to_cart,2026-01-17T19:50:18.663104,B
u21,home appliances,100236,click,2026-01-17T19:50:19.096289,B
u21,mouse,100093,click,2026-01-17T19:50:19.332589,B
u21,laptop,100748,click,2026-01-17T19:50:19.601962,B
u21,,100748,add_to_cart,2026-01-17T19:50:19.604510,B
u21,router,100895,click,2026-01-17T19:50:19.883439,B
u21,,100895,add_to_cart,2026-01-17T19:50:19.892350,B
u21,prime,100132,click,2026-01-17T19:50:20.200666,B
u21,console,100899,click,2026-01-17T19:50:20.484110,B
u21,phone,100083,click,2026-01-17T19:50:20.741739,B
u21,prime,100120,click,2026-01-17T19:50:20.976891,B
u21,watch,100591,click,2026-01-17T19:50:21.225870,B
u21,camera,100833,click,2026-01-17T19:50:21.520026,B
u21,ultra,100992,click,2026-01-17T19:50:21.896536,B
u21,,100992,add_to_cart,2026-01-17T19:50:21.899112,B
u21,speaker,100605,click,2026-01-17T19:50:22.147433,B
u21,,100605,add_to_cart,2026-01-17T19:50:22.151057,B
u21,speaker,100573,click,2026-01-17T19:50:22.385191,B
u21,,100573,add_to_cart,2026-01-17T19:50:22.387717,B
u21,keyboard,100977,click,2026-01-17T19:50:22.677775,B
u21,elite,100536,click,2026-01-17T19:50:22.905665,B
u21,mouse,100730,click,2026-01-17T19:50:23.189748,B
u21,,100730,add_to_cart,2026-01-17T19:50:23.197726,B
u21,ultra,100471,click,2026-01-17T19:50:23.463785,B
u21,gaming,100033,click,2026-01-17T19:50:23.766499,B
u21,,100033,add_to_cart,2026-01-17T19:50:23.769018,B
u21,router,100814,click,2026-01-17T19:50:24.055685,B
u21,smart home,100554,click,2026-01-17T19:50:24.410814,B
u21,,100554,add_to_cart,2026-01-17T19:50:24.414609,B
u21,elite,100644,click,2026-01-17T19:50:24.728155,B
u21,,100644,add_to_cart,2026-01-17T19:50:24.732266,B
u21,camera,100438,click,2026-01-17T19:50:24.975461,B
u21,tvs,100718,click,2026-01-17T19:50:25.203446,B
u21,,100718,add_to_cart,2026-01-17T19:50:25.206929,B
u22,,100264,add_to_cart,2026-01-17T19:50:25.593932,B
u21,home appliances,100207,click,2026-01-17T19:50:25.699377,B
u21,,100207,add_to_cart,2026-01-17T19:50:25.702595,B
u22,phone,100264,add_to_cart,2026-01-17T19:50:25.895647,B
u23,tablet,100281,click,2026-01-17T19:50:26.269494,B
u23,phone,100599,click,2026-01-17T19:50:26.500121,B
u23,wearables,100121,click,2026-01-17T19:50:26.920509,B
u23,plus,100858,click,2026-01-17T19:50:27.125708,B
u23,console,100877,click,2026-01-17T19:50:27.370406,B
u23,,100877,add_to_cart,2026-01-17T19:50:27.373695,B
u23,camera,100232,click,2026-01-17T19:50:27.627108,B
u23,smart,100675,click,2026-01-17T19:50:27.846721,B
u23,headphones,100104,click,2026-01-17T19:50:28.164784,B
u23,,100104,add_to_cart,2026-01-17T19:50:28.171737,B
u23,audio,100886,click,2026-01-17T19:50:28.456555,B
u23,camera,100901,click,2026-01-17T19:50:28.715169,B
u22,phone,100204,click,2026-01-17T19:50:28.868601,B
u23,wearables,100159,click,2026-01-17T19:50:29.091752,B
u23,gaming,100200,click,2026-01-17T19:50:29.393140,B
u23,storage,100252,click,2026-01-17T19:50:29.679014,B
u22,,100204,add_to_cart,2026-01-17T19:50:29.687581,B
u22,phone,100204,add_to_cart,2026-01-17T19:50:29.820930,B
u23,keyboard,100058,click,2026-01-17T19:50:29.974216,B
u23,cameras,100885,click,2026-01-17T19:50:30.362373,B
u23,ultra,100805,click,2026-01-17T19:50:30.614891,B
u23,elite,100065,click,2026-01-17T19:50:30.890000,B
u23,fitness,100273,click,2026-01-17T19:50:31.197039,B
u23,,100273,add_to_cart,2026-01-17T19:50:31.200719,B
u23,mouse,100324,click,2026-01-17T19:50:31.476533,B
u23,prime,100477,click,2026-01-17T19:50:31.733508,B
u23,mouse,100720,click,2026-01-17T19:50:31.994357,B
u23,accessories,100507,click,2026-01-17T19:50:32.368230,B
u23,,100507,add_to_cart,2026-01-17T19:50:32.372991,B
u23,speaker,100945,click,2026-01-17T19:50:32.700228,B
u23,,100945,add_to_cart,2026-01-17T19:50:32.705762,B
u23,phone,100047,click,2026-01-17T19:50:32.980081,B
u23,,100047,add_to_cart,2026-01-17T19:50:32.982611,B
u23,cameras,100156,click,2026-01-17T19:50:33.349438,B
u23,console,100313,click,2026-01-17T19:50:33.650516,B
u23,treadmill,100998,click,2026-01-17T19:50:33.943406,B
u23,,100998,add_to_cart,2026-01-17T19:50:33.946126,B
u23,cameras,100052,click,2026-01-17T19:50:34.291906,B
u23,,100052,add_to_cart,2026-01-17T19:50:34.307927,B
u23,fitness,100645,click,2026-01-17T19:50:34.695112,B
u23,home appliances,100230,click,2026-01-17T19:50:35.123479,B
u23,,100230,add_to_cart,2026-01-17T19:50:35.126603,B
u23,phone,100331,click,2026-01-17T19:50:35.401221,B
u23,accessories,100660,click,2026-01-17T19:50:35.791466,B
u23,elite,100838,click,2026-01-17T19:50:36.069431,B
u23,tablet,100498,click,2026-01-17T19:50:36.387564,B
u23,treadmill,100773,click,2026-01-17T19:50:36.729739,B
u23,headphones,100486,click,2026-01-17T19:50:37.040298,B
u23,,100486,add_to_cart,2026-01-17T19:50:37.045718,B
u23,monitor,100002,click,2026-01-17T19:50:37.408923,B
u23,tablet,100661,click,2026-01-17T19:50:37.756096,B
u23,smart,100186,click,2026-01-17T19:50:38.027833,B
u23,,100186,add_to_cart,2026-01-17T19:50:38.030484,B
u23,prime,100258,click,2026-01-17T19:50:38.264439,B
u23,,100258,add_to_cart,2026-01-17T19:50:38.266839,B
u24,plus,100738,click,2026-01-17T19:50:38.824010,A
u24,storage,100234,click,2026-01-17T19:50:39.168376,A
u24,,100234,add_to_cart,2026-01-17T19:50:39.172724,A
u24,ultra,100705,click,2026-01-17T19:50:39.543662,A
u24,headphones,100520,click,2026-01-17T19:50:39.969312,A
u24,watch,100904,click,2026-01-17T19:50:40.240788,A
u24,smart,100971,click,2026-01-17T19:50:40.687053,A
u24,,100971,add_to_cart,2026-01-17T19:50:40.692627,A
u24,mouse,100293,click,2026-01-17T19:50:41.004198,A
u24,keyboard,100893,click,2026-01-17T19:50:41.342202,A
u24,laptops,100243,click,2026-01-17T19:50:41.681072,A
u24,storage,100400,click,2026-01-17T19:50:42.026377,A
u24,accessories,100632,click,2026-01-17T19:50:42.365844,A
u24,,100632,add_to_cart,2026-01-17T19:50:42.370375,A
u24,tablets,100944,click,2026-01-17T19:50:42.645074,A
u24,purifier,100734,click,2026-01-17T19:50:42.966131,A
u24,elite,100538,click,2026-01-17T19:50:43.273071,A
u24,router,100145,click,2026-01-17T19:50:43.577270,A
u24,smart home,100806,click,2026-01-17T19:50:44.006643,A
u24,mobiles,100064,click,2026-01-17T19:50:44.289389,A
u24,tablets,100521,click,2026-01-17T19:50:44.636430,A
u24,laptop,100832,click,2026-01-17T19:50:44.890536,A
u24,headphones,100624,click,2026-01-17T19:50:45.384229,A
u24,keyboard,100179,click,2026-01-17T19:50:45.697673,A
u24,accessories,100796,click,2026-01-17T19:50:46.070390,A
u24,treadmill,100906,click,2026-01-17T19:50:46.358822,A
u24,,100906,add_to_cart,2026-01-17T19:50:46.361352,A
u24,prime,100343,click,2026-01-17T19:50:46.677060,A
u24,home appliances,100536,click,2026-01-17T19:50:47.159907,A
u24,audio,100050,click,2026-01-17T19:50:47.447498,A
u24,storage,100772,click,2026-01-17T19:50:47.718112,A
u24,laptop,100912,click,2026-01-17T19:50:48.065320,A
u24,tablets,100195,click,2026-01-17T19:50:48.337581,A
u24,router,100504,click,2026-01-17T19:50:48.589936,A
u24,purifier,100423,click,2026-01-17T19:50:48.880462,A
u24,elite,100720,click,2026-01-17T19:50:49.145892,A
u24,home appliances,100889,click,2026-01-17T19:50:49.589782,A
u24,camera,100311,click,2026-01-17T19:50:49.860945,A
u24,router,100021,click,2026-01-17T19:50:50.214381,A
u24,speaker,100530,click,2026-01-17T19:50:50.480683,A
u24,,100530,add_to_cart,2026-01-17T19:50:50.483128,A
u24,headphones,100796,click,2026-01-17T19:50:50.873777,A
u24,,100796,add_to_cart,2026-01-17T19:50:50.879820,A
u24,smart,100369,click,2026-01-17T19:50:51.183121,A
u24,,100369,add_to_cart,2026-01-17T19:50:51.186495,A
u24,speaker,100365,click,2026-01-17T19:50:51.562880,A
u24,,100365,add_to_cart,2026-01-17T19:50:51.565459,A
u24,tablets,100163,click,2026-01-17T19:50:51.842405,A
u25,elite,100094,click,2026-01-17T19:50:52.423735,A
u25,mouse,100108,click,2026-01-17T19:50:52.685029,A
u25,tvs,100700,click,2026-01-17T19:50:52.923422,A
u25,fitness,100905,click,2026-01-17T19:50:53.218235,A
u25,camera,100123,click,2026-01-17T19:50:53.476533,A
u25,accessories,100796,click,2026-01-17T19:50:53.792079,A
u25,laptop,100615,click,2026-01-17T19:50:54.084791,A
u25,tvs,100700,click,2026-01-17T19:50:54.379154,A
u25,watch,100797,click,2026-01-17T19:50:54.713759,A
u25,plus,100223,click,2026-01-17T19:50:54.990194,A
u25,console,100380,click,2026-01-17T19:50:55.250830,A
u25,tablets,100946,click,2026-01-17T19:50:55.527949,A
u25,elite,100679,click,2026-01-17T19:50:55.802260,A
u25,smart,100857,click,2026-01-17T19:50:56.052782,A
u25,monitor,100065,click,2026-01-17T19:50:56.368655,A
u25,audio,100225,click,2026-01-17T19:50:56.706089,A
u25,,100225,add_to_cart,2026-01-17T19:50:56.709579,A
u25,cameras,100713,click,2026-01-17T19:50:57.060893,A
u25,speaker,100375,click,2026-01-17T19:50:57.334365,A
u25,office,100238,click,2026-01-17T19:50:57.609157,A
u25,,100238,add_to_cart,2026-01-17T19:50:57.611699,A
u25,office,100239,click,2026-01-17T19:50:57.868004,A
u25,,100239,add_to_cart,2026-01-17T19:50:57.870538,A
u25,purifier,100459,click,2026-01-17T19:50:58.166872,A
u25,,100459,add_to_cart,2026-01-17T19:50:58.170892,A
u25,phone,100233,click,2026-01-17T19:50:58.517266,A
u25,accessories,100673,click,2026-01-17T19:50:58.792570,A
u25,treadmill,100029,click,2026-01-17T19:50:59.071081,A
u25,treadmill,100346,click,2026-01-17T19:50:59.352315,A
u25,watch,100360,click,2026-01-17T19:50:59.631496,A
u25,treadmill,100890,click,2026-01-17T19:50:59.982689,A
u25,,100890,add_to_cart,2026-01-17T19:50:59.985117,A
u25,prime,100860,click,2026-01-17T19:51:00.255318,A
u25,watch,100616,click,2026-01-17T19:51:00.597402,A
u25,,100616,add_to_cart,2026-01-17T19:51:00.599944,A
u25,tablets,100069,click,2026-01-17T19:51:00.886166,A
u25,gaming,100208,click,2026-01-17T19:51:01.255513,A
u25,,100208,add_to_cart,2026-01-17T19:51:01.260187,A
u25,plus,100409,click,2026-01-17T19:51:01.491779,A
u25,speaker,100829,click,2026-01-17T19:51:01.781155,A
u25,,100829,add_to_cart,2026-01-17T19:51:01.784665,A
u25,wearables,100729,click,2026-01-17T19:51:02.111455,A
u25,router,100370,click,2026-01-17T19:51:02.387426,A
u25,tvs,100124,click,2026-01-17T19:51:02.664368,A
u25,smart,100230,click,2026-01-17T19:51:02.947785,A
u25,audio,100558,click,2026-01-17T19:51:03.221709,A
u25,,100558,add_to_cart,2026-01-17T19:51:03.224313,A
u25,watch,100370,click,2026-01-17T19:51:03.509542,A
u25,elite,100631,click,2026-01-17T19:51:03.802224,A
u25,,100631,add_to_cart,2026-01-17T19:51:03.805550,A
u26,console,100577,click,2026-01-17T19:51:04.322368,B
u26,console,100147,click,2026-01-17T19:51:04.549005,B
u26,mouse,100548,click,2026-01-17T19:51:04.845270,B
u26,watch,100186,click,2026-01-17T19:51:05.115479,B
u26,console,100174,click,2026-01-17T19:51:05.390914,B
u26,laptops,100649,click,2026-01-17T19:51:05.657483,B
u26,elite,100935,click,2026-01-17T19:51:05.898324,B
u26,laptops,100164,click,2026-01-17T19:51:06.167894,B
u26,tablet,100809,click,2026-01-17T19:51:06.433063,B
u26,speaker,100559,click,2026-01-17T19:51:06.702227,B
u26,,100559,add_to_cart,2026-01-17T19:51:06.704936,B
u26,smart home,100443,click,2026-01-17T19:51:07.126818,B
u26,storage,100635,click,2026-01-17T19:51:07.383116,B
u26,prime,100536,click,2026-01-17T19:51:07.680486,B
u26,gaming,100294,click,2026-01-17T19:51:07.956489,B
u26,,100294,add_to_cart,2026-01-17T19:51:07.959122,B
u26,tablet,100838,click,2026-01-17T19:51:08.271408,B
u26,,100838,add_to_cart,2026-01-17T19:51:08.274461,B
u26,tablet,100435,click,2026-01-17T19:51:08.540810,B
u26,speaker,100298,click,2026-01-17T19:51:08.808059,B
u26,ultra,100981,click,2026-01-17T19:51:09.089568,B
u26,tablet,100190,click,2026-01-17T19:51:09.331722,B
u26,,100190,add_to_cart,2026-01-17T19:51:09.334809,B
u26,tablet,100271,click,2026-01-17T19:51:09.612968,B
u26,,100271,add_to_cart,2026-01-17T19:51:09.618822,B
u26,speaker,100402,click,2026-01-17T19:51:09.881724,B
u26,prime,100174,click,2026-01-17T19:51:10.186681,B
u26,tvs,100314,click,2026-01-17T19:51:10.411656,B
u26,networking,100726,click,2026-01-17T19:51:10.709841,B
u26,watch,100431,click,2026-01-17T19:51:10.948380,B
u26,keyboard,100850,click,2026-01-17T19:51:11.264678,B
u26,treadmill,100610,click,2026-01-17T19:51:11.651730,B
u26,cameras,100072,click,2026-01-17T19:51:11.899506,B
u26,tablet,100505,click,2026-01-17T19:51:12.182193,B
u26,router,100281,click,2026-01-17T19:51:12.451994,B
u26,tablet,100755,click,2026-01-17T19:51:12.700162,B
u26,,100755,add_to_cart,2026-01-17T19:51:12.702638,B
u26,gaming,100545,click,2026-01-17T19:51:12.987641,B
u26,audio,100426,click,2026-01-17T19:51:13.341407,B
u26,fitness,100473,click,2026-01-17T19:51:13.640714,B
u26,router,100419,click,2026-01-17T19:51:13.882029,B
u26,fitness,100777,click,2026-01-17T19:51:14.179026,B
u26,tvs,100351,click,2026-01-17T19:51:14.401837,B
u26,,100351,add_to_cart,2026-01-17T19:51:14.405763,B
u26,smart home,100518,click,2026-01-17T19:51:14.772797,B
u26,laptop,100179,click,2026-01-17T19:51:15.041753,B
u26,smart,100725,click,2026-01-17T19:51:15.337918,B
u26,,100725,add_to_cart,2026-01-17T19:51:15.340752,B
u27,laptop,100238,click,2026-01-17T19:51:15.864300,A
u27,ultra,100129,click,2026-01-17T19:51:16.142936,A
u27,accessories,100802,click,2026-01-17T19:51:16.465785,A
u27,,100802,add_to_cart,2026-01-17T19:51:16.470752,A
u27,phone,100593,click,2026-01-17T19:51:16.716726,A
u27,tvs,100166,click,2026-01-17T19:51:16.985980,A
u27,speaker,100982,click,2026-01-17T19:51:17.243599,A
u27,,100982,add_to_cart,2026-01-17T19:51:17.246601,A
u27,ultra,100891,click,2026-01-17T19:51:17.559401,A
u27,tablet,100131,click,2026-01-17T19:51:17.811842,A
u27,,100131,add_to_cart,2026-01-17T19:51:17.814279,A
u27,prime,100968,click,2026-01-17T19:51:18.096651,A
u27,router,100465,click,2026-01-17T19:51:18.385758,A
u27,tvs,100148,click,2026-01-17T19:51:18.611077,A
u27,,100148,add_to_cart,2026-01-17T19:51:18.614620,A
u27,router,100484,click,2026-01-17T19:51:18.927631,A
u27,,100484,add_to_cart,2026-01-17T19:51:18.932893,A
u27,phone,100872,click,2026-01-17T19:51:19.238297,A
u27,,100872,add_to_cart,2026-01-17T19:51:19.241531,A
u27,purifier,100292,click,2026-01-17T19:51:19.590213,A
u27,purifier,100181,click,2026-01-17T19:51:19.882180,A
u27,laptops,100167,click,2026-01-17T19:51:20.215400,A
u27,wearables,100444,click,2026-01-17T19:51:20.526348,A
u27,monitor,100002,click,2026-01-17T19:51:20.805150,A
u27,console,100168,click,2026-01-17T19:51:21.058582,A
u27,,100168,add_to_cart,2026-01-17T19:51:21.061006,A
u27,audio,100992,click,2026-01-17T19:51:21.375416,A
u27,ultra,100604,click,2026-01-17T19:51:21.829309,A
u27,prime,100939,click,2026-01-17T19:51:22.176028,A
u27,wearables,100581,click,2026-01-17T19:51:22.502429,A
u27,router,100748,click,2026-01-17T19:51:22.777666,A
u27,,100748,add_to_cart,2026-01-17T19:51:22.780345,A
u27,audio,100558,click,2026-01-17T19:51:23.090979,A
u27,plus,100864,click,2026-01-17T19:51:23.320942,A
u27,laptop,100143,click,2026-01-17T19:51:23.590318,A
u27,keyboard,100515,click,2026-01-17T19:51:23.926216,A
u27,,100515,add_to_cart,2026-01-17T19:51:23.929908,A
u27,watch,100667,click,2026-01-17T19:51:24.305758,A
u27,,100667,add_to_cart,2026-01-17T19:51:24.320481,A
u27,wearables,100810,click,2026-01-17T19:51:24.678269,A
u27,tablets,100820,click,2026-01-17T19:51:25.027412,A
u27,elite,100792,click,2026-01-17T19:51:25.357559,A
u27,,100792,add_to_cart,2026-01-17T19:51:25.360860,A
u27,cameras,100690,click,2026-01-17T19:51:25.639741,A
u27,router,100351,click,2026-01-17T19:51:25.905407,A
u27,purifier,100175,click,2026-01-17T19:51:26.265110,A
u27,console,100967,click,2026-01-17T19:51:26.544313,A
u27,phone,100399,click,2026-01-17T19:51:26.824687,A
u27,keyboard,100195,click,2026-01-17T19:51:27.133869,A
u27,laptop,100400,click,2026-01-17T19:51:27.423815,A
u27,headphones,100605,click,2026-01-17T19:51:27.720848,A
u28,camera,100415,click,2026-01-17T19:51:28.333840,A
u28,tablets,100611,click,2026-01-17T19:51:28.616673,A
u28,gaming,100406,click,2026-01-17T19:51:28.938684,A
u28,networking,100085,click,2026-01-17T19:51:29.324594,A
u28,,100085,add_to_cart,2026-01-17T19:51:29.327108,A
u28,elite,100923,click,2026-01-17T19:51:29.612422,A
u28,wearables,100675,click,2026-01-17T19:51:29.978273,A
u28,purifier,100405,click,2026-01-17T19:51:30.410717,A
u28,laptop,100169,click,2026-01-17T19:51:30.680154,A
u28,phone,100289,click,2026-01-17T19:51:30.969136,A
u28,accessories,100157,click,2026-01-17T19:51:31.319381,A
u28,,100157,add_to_cart,2026-01-17T19:51:31.322467,A
u28,treadmill,100193,click,2026-01-17T19:51:31.642557,A
u28,accessories,100413,click,2026-01-17T19:51:32.076439,A
u28,,100413,add_to_cart,2026-01-17T19:51:32.082649,A
u28,console,100205,click,2026-01-17T19:51:32.421472,A
u28,purifier,100047,click,2026-01-17T19:51:32.784140,A
u28,storage,100128,click,2026-01-17T19:51:33.077701,A
u28,laptop,100406,click,2026-01-17T19:51:33.376842,A
u28,,100406,add_to_cart,2026-01-17T19:51:33.379382,A
u28,watch,100578,click,2026-01-17T19:51:33.687348,A
u28,treadmill,100350,click,2026-01-17T19:51:34.005341,A
u28,,100350,add_to_cart,2026-01-17T19:51:34.009578,A
u28,tvs,100337,click,2026-01-17T19:51:34.264137,A
u28,watch,100877,click,2026-01-17T19:51:34.625606,A
u28,,100877,add_to_cart,2026-01-17T19:51:34.629039,A
u28,storage,100891,click,2026-01-17T19:51:34.945308,A
u28,treadmill,100509,click,2026-01-17T19:51:35.224642,A
u28,fitness,100905,click,2026-01-17T19:51:35.637973,A
u28,prime,100367,click,2026-01-17T19:51:35.914667,A
u28,fitness,100922,click,2026-01-17T19:51:36.260612,A
u28,purifier,100548,click,2026-01-17T19:51:36.563901,A
u28,purifier,100306,click,2026-01-17T19:51:36.848610,A
u28,,100306,add_to_cart,2026-01-17T19:51:36.851352,A
u28,wearables,100009,click,2026-01-17T19:51:37.189321,A
u28,smart,100418,click,2026-01-17T19:51:37.486792,A
u28,prime,100838,click,2026-01-17T19:51:37.778548,A
u28,,100838,add_to_cart,2026-01-17T19:51:37.781389,A
u28,accessories,100698,click,2026-01-17T19:51:38.100576,A
u28,headphones,100700,click,2026-01-17T19:51:38.436728,A
u28,,100700,add_to_cart,2026-01-17T19:51:38.440194,A
u28,purifier,100380,click,2026-01-17T19:51:38.815054,A
u28,storage,100831,click,2026-01-17T19:51:39.096268,A
u28,,100831,add_to_cart,2026-01-17T19:51:39.099067,A
u28,mouse,100920,click,2026-01-17T19:51:39.372891,A
u28,phone,100576,click,2026-01-17T19:51:39.689674,A
u28,monitor,100098,click,2026-01-17T19:51:40.011895,A
u28,,100098,add_to_cart,2026-01-17T19:51:40.015415,A
u28,speaker,100947,click,2026-01-17T19:51:40.277509,A
u28,,100947,add_to_cart,2026-01-17T19:51:40.280651,A
u28,monitor,100360,click,2026-01-17T19:51:40.595770,A
u28,,100360,add_to_cart,2026-01-17T19:51:40.598387,A
u28,tablet,100079,click,2026-01-17T19:51:40.978659,A
u29,smart home,100757,click,2026-01-17T19:51:41.691024,A
u29,,100757,add_to_cart,2026-01-17T19:51:41.694589,A
u29,watch,100770,click,2026-01-17T19:51:41.954314,A
u29,prime,100954,click,2026-01-17T19:51:42.281857,A
u29,tablets,100504,click,2026-01-17T19:51:42.591230,A
u29,,100504,add_to_cart,2026-01-17T19:51:42.594914,A
u29,watch,100372,click,2026-01-17T19:51:42.864385,A
u29,cameras,100146,click,2026-01-17T19:51:43.188442,A
u29,wearables,100352,click,2026-01-17T19:51:43.499792,A
u29,ultra,100969,click,2026-01-17T19:51:43.762072,A
u29,treadmill,100079,click,2026-01-17T19:51:44.079796,A
u29,headphones,100997,click,2026-01-17T19:51:44.449282,A
u29,,100997,add_to_cart,2026-01-17T19:51:44.452280,A
u29,watch,100013,click,2026-01-17T19:51:44.726364,A
u29,monitor,100129,click,2026-01-17T19:51:45.040311,A
u29,mouse,100939,click,2026-01-17T19:51:45.334910,A
u29,phone,100722,click,2026-01-17T19:51:45.655042,A
u29,accessories,100060,click,2026-01-17T19:51:46.036387,A
u29,keyboard,100860,click,2026-01-17T19:51:46.306110,A
u29,fitness,100356,click,2026-01-17T19:51:46.634515,A
u29,camera,100145,click,2026-01-17T19:51:46.954768,A
u29,plus,100821,click,2026-01-17T19:51:47.310912,A
u29,plus,100714,click,2026-01-17T19:51:47.567534,A
u29,,100714,add_to_cart,2026-01-17T19:51:47.570076,A
u29,tvs,100880,click,2026-01-17T19:51:47.815970,A
u29,,100880,add_to_cart,2026-01-17T19:51:47.823283,A
u29,smart,100585,click,2026-01-17T19:51:48.083765,A
u29,audio,100815,click,2026-01-17T19:51:48.367073,A
u29,prime,100447,click,2026-01-17T19:51:48.678519,A
u29,audio,100382,click,2026-01-17T19:51:48.950035,A
u29,smart,100625,click,2026-01-17T19:51:49.220465,A
u29,,100625,add_to_cart,2026-01-17T19:51:49.223275,A
u29,laptops,100284,click,2026-01-17T19:51:49.527075,A
u29,tablets,100310,click,2026-01-17T19:51:49.858813,A
u29,laptop,100553,click,2026-01-17T19:51:50.191696,A
u29,monitor,100802,click,2026-01-17T19:51:50.447536,A
u29,,100802,add_to_cart,2026-01-17T19:51:50.450672,A
u29,office,100529,click,2026-01-17T19:51:50.740706,A
u29,keyboard,100596,click,2026-01-17T19:51:51.147380,A
u29,watch,100978,click,2026-01-17T19:51:51.464928,A
u29,elite,100700,click,2026-01-17T19:51:51.739303,A
u29,office,100809,click,2026-01-17T19:51:52.004492,A
u29,console,100014,click,2026-01-17T19:51:52.338857,A
u29,,100014,add_to_cart,2026-01-17T19:51:52.342936,A
u29,plus,100986,click,2026-01-17T19:51:52.733532,A
u29,prime,100420,click,2026-01-17T19:51:53.007799,A
u29,phone,100418,click,2026-01-17T19:51:53.293313,A
u29,wearables,100342,click,2026-01-17T19:51:53.669408,A
u30,accessories,100673,click,2026-01-17T19:51:54.239351,B
u30,,100673,add_to_cart,2026-01-17T19:51:54.242414,B
u30,phone,100420,click,2026-01-17T19:51:54.494041,B
u30,tablet,100904,click,2026-01-17T19:51:54.759577,B
u30,elite,100459,click,2026-01-17T19:51:55.050575,B
u30,networking,100267,click,2026-01-17T19:51:55.414122,B
u30,mouse,100571,click,2026-01-17T19:51:55.703721,B
u30,monitor,100366,click,2026-01-17T19:51:55.963483,B
u30,,100366,add_to_cart,2026-01-17T19:51:55.966004,B
u30,laptops,100132,click,2026-01-17T19:51:56.293115,B
u30,tvs,100747,click,2026-01-17T19:51:56.554273,B
u30,,100747,add_to_cart,2026-01-17T19:51:56.557120,B
u30,tablet,100400,click,2026-01-17T19:51:56.845492,B
u30,,100400,add_to_cart,2026-01-17T19:51:56.848696,B
u30,tablets,100061,click,2026-01-17T19:51:57.127942,B
u30,,100061,add_to_cart,2026-01-17T19:51:57.131291,B
u30,keyboard,100136,click,2026-01-17T19:51:57.407460,B
u30,laptop,100192,click,2026-01-17T19:51:57.668407,B
u30,laptop,100520,click,2026-01-17T19:51:58.039976,B
u30,,100520,add_to_cart,2026-01-17T19:51:58.042581,B
u30,laptops,100540,click,2026-01-17T19:51:58.360227,B
u30,,100540,add_to_cart,2026-01-17T19:51:58.363337,B
u30,audio,100250,click,2026-01-17T19:51:58.638885,B
u30,laptop,100153,click,2026-01-17T19:51:58.902382,B
u30,mouse,100080,click,2026-01-17T19:51:59.178749,B
u30,keyboard,100977,click,2026-01-17T19:51:59.457131,B
u30,,100977,add_to_cart,2026-01-17T19:51:59.459761,B
u30,console,100627,click,2026-01-17T19:51:59.731614,B
u30,laptop,100689,click,2026-01-17T19:52:00.036179,B
u30,monitor,100885,click,2026-01-17T19:52:00.318751,B
u30,,100885,add_to_cart,2026-01-17T19:52:00.323869,B
u30,watch,100065,click,2026-01-17T19:52:00.620626,B
u30,,100065,add_to_cart,2026-01-17T19:52:00.623223,B
u30,treadmill,100011,click,2026-01-17T19:52:00.921084,B
u30,elite,100364,click,2026-01-17T19:52:01.239598,B
u30,camera,100624,click,2026-01-17T19:52:01.535507,B
u30,console,100890,click,2026-01-17T19:52:01.826973,B
u30,,100890,add_to_cart,2026-01-17T19:52:01.830898,B
u30,tablets,100265,click,2026-01-17T19:52:02.168536,B
u30,,100265,add_to_cart,2026-01-17T19:52:02.171019,B
u30,accessories,100659,click,2026-01-17T19:52:02.509597,B
u30,,100659,add_to_cart,2026-01-17T19:52:02.512199,B
u30,purifier,100970,click,2026-01-17T19:52:02.884333,B
u30,audio,100928,click,2026-01-17T19:52:03.170805,B
u30,keyboard,100526,click,2026-01-17T19:52:03.492373,B
u30,laptop,100942,click,2026-01-17T19:52:03.786397,B
u30,,100942,add_to_cart,2026-01-17T19:52:03.790918,B
u30,gaming,100584,click,2026-01-17T19:52:04.173119,B
u30,,100584,add_to_cart,2026-01-17T19:52:04.175735,B
u30,office,100751,click,2026-01-17T19:52:04.460411,B
u30,,100751,add_to_cart,2026-01-17T19:52:04.462887,B
u30,phone,100147,click,2026-01-17T19:52:04.723702,B
u30,mouse,100464,click,2026-01-17T19:52:05.002987,B
u30,laptops,100974,click,2026-01-17T19:52:05.309594,B
u30,mouse,100046,click,2026-01-17T19:52:05.561919,B
u30,treadmill,100293,click,2026-01-17T19:52:05.848695,B
u31,laptop,100763,click,2026-01-17T19:52:06.452846,B
u31,tablet,100195,click,2026-01-17T19:52:06.720986,B
u31,purifier,100669,click,2026-01-17T19:52:07.006693,B
u31,,100669,add_to_cart,2026-01-17T19:52:07.009461,B
u31,laptops,100866,click,2026-01-17T19:52:07.286477,B
u31,ultra,100974,click,2026-01-17T19:52:07.552198,B
u31,storage,100672,click,2026-01-17T19:52:07.881490,B
u31,,100672,add_to_cart,2026-01-17T19:52:07.884598,B
u31,storage,100043,click,2026-01-17T19:52:08.249526,B
u31,mouse,100009,click,2026-01-17T19:52:08.499669,B
u31,speaker,100854,click,2026-01-17T19:52:08.791965,B
u31,laptops,100122,click,2026-01-17T19:52:09.110817,B
u31,,100122,add_to_cart,2026-01-17T19:52:09.114713,B
u31,office,100854,click,2026-01-17T19:52:09.406539,B
u31,smart,100858,click,2026-01-17T19:52:09.658425,B
u31,mouse,100795,click,2026-01-17T19:52:09.932104,B
u31,,100795,add_to_cart,2026-01-17T19:52:09.934631,B
u31,headphones,100893,click,2026-01-17T19:52:10.242507,B
u31,tablets,100153,click,2026-01-17T19:52:10.540587,B
u31,,100153,add_to_cart,2026-01-17T19:52:10.545102,B
u31,audio,100562,click,2026-01-17T19:52:10.836760,B
u31,monitor,100932,click,2026-01-17T19:52:11.148679,B
u31,laptop,100531,click,2026-01-17T19:52:11.430317,B
u31,laptop,100950,click,2026-01-17T19:52:11.707958,B
u31,cameras,100834,click,2026-01-17T19:52:12.044349,B
u31,,100834,add_to_cart,2026-01-17T19:52:12.047473,B
u31,speaker,100189,click,2026-01-17T19:52:12.322535,B
u31,,100189,add_to_cart,2026-01-17T19:52:12.325063,B
u31,watch,100363,click,2026-01-17T19:52:12.621677,B
u31,,100363,add_to_cart,2026-01-17T19:52:12.624180,B
u31,watch,100758,click,2026-01-17T19:52:12.891926,B
u31,laptop,100078,click,2026-01-17T19:52:13.308182,B
u31,smart,100053,click,2026-01-17T19:52:13.543499,B
u31,,100053,add_to_cart,2026-01-17T19:52:13.546692,B
u31,router,100798,click,2026-01-17T19:52:13.828940,B
u31,monitor,100682,click,2026-01-17T19:52:14.107439,B
u31,,100682,add_to_cart,2026-01-17T19:52:14.112579,B
u31,storage,100231,click,2026-01-17T19:52:14.451447,B
u31,tablets,100982,click,2026-01-17T19:52:14.795533,B
u31,,100982,add_to_cart,2026-01-17T19:52:14.801366,B
u31,purifier,100986,click,2026-01-17T19:52:15.094781,B
u31,,100986,add_to_cart,2026-01-17T19:52:15.097370,B
u31,tablet,100653,click,2026-01-17T19:52:15.369086,B
u31,phone,100132,click,2026-01-17T19:52:15.641716,B
u31,monitor,100610,click,2026-01-17T19:52:15.945991,B
u31,keyboard,100918,click,2026-01-17T19:52:16.292352,B
u31,,100918,add_to_cart,2026-01-17T19:52:16.297030,B
u31,tablet,100743,click,2026-01-17T19:52:16.684198,B
u31,networking,100202,click,2026-01-17T19:52:17.047868,B
u31,router,100081,click,2026-01-17T19:52:17.294808,B
u31,speaker,100075,click,2026-01-17T19:52:17.596339,B
u31,tablets,100913,click,2026-01-17T19:52:17.906482,B
u31,elite,100471,click,2026-01-17T19:52:18.189163,B
u22,,100019,add_to_cart,2026-01-17T19:52:45.423359,B
u22,,100811,add_to_cart,2026-01-17T19:52:54.578095,B
u22,mouse,100811,add_to_cart,2026-01-17T19:52:54.875502,B
